source_id,component_class,hazard_family,source_url,http_status,snapshot_path,snapshot_sha256,qualification_state,identity_evidence,metadata_evidence,numeric_extraction_authorized,blocking_reason
inarisk_capacity_2021,capacity,multi_hazard,https://gis.bnpb.go.id/server/rest/services/inarisk/INDEKS_KAPASITAS_2021/ImageServer,200,data/processed/bnpb/m26_source_qualification/inarisk_capacity_2021.json,2a6de70aee227751903de18b22c88e78ebe7d4d9db811414b2e2c56cda596157,qualified_explicit_vintage_metadata,official ImageServer identity explicitly includes 2021; single-band raster metadata verified,"{""band_count"": 1, ""full_extent"": {""spatialReference"": {""latestWkid"": 3395, ""wkid"": 3395}, ""xmax"": 15698336.164320603, ""xmin"": 10576536.164320603, ""ymax"": 673304.8910324574, ""ymin"": -1224895.1089675426}, ""pixel_type"": ""F32"", ""service_identity"": ""inarisk/INDEKS_KAPASITAS_2021 inarisk/INDEKS_KAPASITAS_2021"", ""spatial_reference"": 3395, ""transport_fallback_used"": false}",True,
inarisk_population_2020,exposure,multi_hazard,https://gis.bnpb.go.id/server/rest/services/inarisk/INARISKPOP_2020/ImageServer,200,data/processed/bnpb/m26_source_qualification/inarisk_population_2020.json,8192ad1f91509b40ba9de044f2dcce2a9c931a675ec479b133575f9a933aad1b,qualified_explicit_vintage_metadata,official ImageServer/item metadata explicitly binds population-distribution surface to 2020,"{""band_count"": 1, ""full_extent"": {""spatialReference"": {""latestWkid"": 3395, ""wkid"": 3395}, ""xmax"": 15698328.845372679, ""xmin"": 10572228.845372679, ""ymax"": 673254.837752545, ""ymin"": -1224845.162247455}, ""item_title"": ""INARISKPOP_2020_TOPDOWN_KECAMATAN"", ""pixel_type"": ""F32"", ""service_identity"": ""inarisk/INARISKPOP_2020 <DIV STYLE=\""text-align:Left;\""><DIV><DIV><P><SPAN STYLE=\""font-size:16pt\"">Population distribution as one of the parameters of disaster vulnerability is needed in a disaster risk assessment. Analysis of approaches to determine the spatial population distribution can use many methodological alternatives. The general approach used in Indonesia is distribution approach based on results of a survey or census, where the number of population density is distributed evenly within the administrative borders. Another approach used by Worldpop using Random Regression Tree model-based Forest Mapping. Both of these methodologies have their respective advantages and disadvantages. This study was conducted by combining these two methods and adding some data and parameters as driving factors on the scale of analysis of spatial resolution (grid size) 0.000833333 decimal degrees (approximately 100 m in equatorial region) for case study in Banten Province. Data processing is performed by raster analysis approach and using GIS. The results obtained for the better with the cost requirements are also more affordable and can be utilized to calculate the level of disaster risk in an area.</SPAN></P></DIV></DIV></DIV>"", ""spatial_reference"": 3395, ""transport_fallback_used"": false}",True,
dibi_kabupaten_hidromet_2015_2024,recorded_event_occurrence,hydrometeorological,https://gis.bnpb.go.id/server/rest/services/inarisk/DIBI_Kabupaten_2015_2024_Hidromet/MapServer,200,data/processed/bnpb/m26_source_qualification/dibi_kabupaten_hidromet_2015_2024.json,c27e1b91f9e8fa8dcc116b3ebd646b64be6de164af6f11813e253787cfc518dc,qualified_explicit_coverage_metadata,official DIBI 2015-2024 MapServer coverage and kabupaten schema verified; documented same-family transport fallback used after preferred dedicated service reported runtime-not-started,"{""band_count"": null, ""full_extent"": {""mmax"": null, ""mmin"": null, ""spatialReference"": {""falseM"": -100000, ""falseX"": -400, ""falseY"": -400, ""falseZ"": -100000, ""latestWkid"": 4326, ""mTolerance"": 0.001, ""mUnits"": 10000, ""wkid"": 4326, ""xyTolerance"": 8.983152841195215e-09, ""xyUnits"": 999999999.9999999, ""zTolerance"": 0.001, ""zUnits"": 10000}, ""xmax"": 141.02004178902126, ""xmin"": 94.9719110459569, ""ymax"": 6.076832203615879, ""ymin"": -11.00761537669823, ""zmax"": null, ""zmin"": null}, ""layer_fields"": {""0"": [""FID"", ""Shape"", ""NO_PROP"", ""NAMA_PROP"", ""id_provins"", ""provinsi"", ""Total_basa"", ""Total_ba_1"", ""Total_keri""], ""1"": [""FID"", ""Shape"", ""NO_PROP"", ""NO_KAB"", ""NAMA_PROP"", ""NAMA_KAB"", ""PROVINSI"", ""KABKOTA"", ""id_kab_bps"", ""kabupaten"", ""Total_basa"", ""Total_ba_1"", ""Total_keri""]}, ""layer_names"": {""0"": ""Provinsi_basah_kering"", ""1"": ""Kabupaten_basah_kering""}, ""pixel_type"": null, ""primary_layer_ids"": [""0"", ""1""], ""qualified_layer_ids"": [""1""], ""service_identity"": ""DIBI_Hidromet_2015_2024"", ""spatial_reference"": 4326, ""transport_fallback_used"": true}",True,
bnpb_event_impact_table,observed_impact,multi_hazard,https://gis.bnpb.go.id/databencana/tabel/pencarian.php,200,data/processed/bnpb/m26_source_qualification/bnpb_event_impact_table.html,6fce76c5ea4063de30b4e7652661fc50fbe96452bc9809fe3fa7d69fd8e06552,field_surface_verified_retrieval_contract_pending,official event table exposes event identity/geography and explicit human/building/public-facility impact columns,"{""content_type"": ""text/html; charset=UTF-8"", ""final_url"": ""https://gis.bnpb.go.id/databencana/tabel/pencarian.php"", ""present_fields"": [""tanggal kejadian"", ""kejadian"", ""kabupaten"", ""provinsi"", ""meninggal"", ""hilang"", ""terluka"", ""rumah rusak"", ""rumah terendam"", ""fasum rusak""], ""raw_length"": 81121, ""required_fields"": [""tanggal kejadian"", ""kejadian"", ""kabupaten"", ""provinsi"", ""meninggal"", ""hilang"", ""terluka"", ""rumah rusak"", ""rumah terendam"", ""fasum rusak""], ""text_length"": 13887}",False,deterministic event retrieval identity missingness duplicate and geography contracts are not yet frozen
inarisk_flood_hazard,hazard_intensity,flood,https://gis.bnpb.go.id/server/rest/services/inarisk/INDEKS_BAHAYA_BANJIR/ImageServer,200,data/processed/bnpb/m26_source_qualification/inarisk_flood_hazard.json,9141fd567b3a84ebd9e7deae764c67721e28c59ad6c993c34749eb91b600b080,endpoint_verified_version_binding_unresolved,official single-band ImageServer endpoint verified; exact raster vintage/methodology binding remains absent,"{""band_count"": 1, ""full_extent"": {""spatialReference"": {""latestWkid"": 3395, ""wkid"": 3395}, ""xmax"": 15698236.164320603, ""xmin"": 10584136.164320603, ""ymax"": 649304.8910324574, ""ymin"": -1224895.1089675426}, ""pixel_type"": ""F32"", ""service_identity"": ""inarisk/INDEKS_BAHAYA_BANJIR inarisk/INDEKS_BAHAYA_BANJIR"", ""spatial_reference"": 3395, ""transport_fallback_used"": false}",False,endpoint identity alone does not establish exact raster vintage or methodology release
inarisk_landslide_hazard,hazard_intensity,landslide,https://gis.bnpb.go.id/server/rest/services/inarisk/INDEKS_BAHAYA_TANAHLONGSOR/ImageServer,200,data/processed/bnpb/m26_source_qualification/inarisk_landslide_hazard.json,dd2a706be344f9227c1a0e5f760baadc76bfe36d71f48b38279af2b9153cc9cb,endpoint_verified_version_binding_unresolved,official single-band ImageServer endpoint verified; exact raster vintage/methodology binding remains absent,"{""band_count"": 1, ""full_extent"": {""spatialReference"": {""latestWkid"": 3395, ""wkid"": 3395}, ""xmax"": 15698436.164320603, ""xmin"": 10575236.164320603, ""ymax"": 673304.8910324574, ""ymin"": -1224895.1089675426}, ""pixel_type"": ""F32"", ""service_identity"": ""inarisk/INDEKS_BAHAYA_TANAHLONGSOR inarisk/INDEKS_BAHAYA_TANAHLONGSOR"", ""spatial_reference"": 3395, ""transport_fallback_used"": false}",False,endpoint identity alone does not establish exact raster vintage or methodology release
inarisk_flood_vulnerability,vulnerability,flood,https://gis.bnpb.go.id/server/rest/services/inarisk/INDEKS_KERENTANAN_BANJIR/ImageServer,200,data/processed/bnpb/m26_source_qualification/inarisk_flood_vulnerability.json,fab258f4f9ab839dddad511b31af655dca9f29d53d7a6ad86cc6c6fea1e11619,endpoint_verified_version_binding_unresolved,official single-band ImageServer endpoint verified; exact raster vintage/methodology binding remains absent,"{""band_count"": 1, ""full_extent"": {""spatialReference"": {""latestWkid"": 3395, ""wkid"": 3395}, ""xmax"": 15698236.164320603, ""xmin"": 10584136.164320603, ""ymax"": 649304.8910324574, ""ymin"": -1224895.1089675426}, ""pixel_type"": ""F32"", ""service_identity"": ""inarisk/INDEKS_KERENTANAN_BANJIR inarisk/INDEKS_KERENTANAN_BANJIR"", ""spatial_reference"": 3395, ""transport_fallback_used"": false}",False,endpoint identity alone does not establish exact raster vintage or methodology release
inarisk_landslide_vulnerability,vulnerability,landslide,https://gis.bnpb.go.id/server/rest/services/inarisk/INDEKS_KERENTANAN_TANAH_LONGSOR/ImageServer,200,data/processed/bnpb/m26_source_qualification/inarisk_landslide_vulnerability.json,90300621e71b7e8d1c319e6fd07ef5d625ef27e1211f8cd4a79c72d9ad51e1ed,endpoint_verified_version_binding_unresolved,official single-band ImageServer endpoint verified; exact raster vintage/methodology binding remains absent,"{""band_count"": 1, ""full_extent"": {""spatialReference"": {""latestWkid"": 3395, ""wkid"": 3395}, ""xmax"": 15698236.164320603, ""xmin"": 10576536.164320603, ""ymax"": 673304.8910324574, ""ymin"": -1224895.1089675426}, ""pixel_type"": ""F32"", ""service_identity"": ""inarisk/INDEKS_KERENTANAN_TANAH_LONGSOR inarisk/INDEKS_KERENTANAN_TANAH_LONGSOR"", ""spatial_reference"": 3395, ""transport_fallback_used"": false}",False,endpoint identity alone does not establish exact raster vintage or methodology release
inarisk_current_methodology,methodology,multi_hazard,https://inarisk2.bnpb.go.id/v4/metodologi,200,data/processed/bnpb/m26_source_qualification/inarisk_current_methodology.html,c7fcd40d6c4d1520900e09a31b7b7dedeca97eb9897b9a123c4029cf36883625,framework_verified_current_surface,current official InaRISK methodology route verified as framework evidence only; this route-level verification does not version-bind any raster,"{""content_type"": ""text/html"", ""final_url"": ""https://inarisk2.bnpb.go.id/v4/metodologi"", ""raw_length"": 734, ""text_length"": 7, ""verification_mode"": ""official_route_html_spa_shell""}",False,current methodology page cannot retroactively version-bind an undated raster service
