target_id,geography_id,target_year,k_neighbors,favorable_neighbor_count,favorable_neighbor_ids,favorable_neighbor_outcomes,favorable_neighbor_distances,favorable_reference,distance_to_favorable_reference,difference_vs_locked_k6_reference,sensitivity_can_replace_locked_k6
poverty_rate,idn.13.1301,2019,5,2,idn.13.1311|idn.13.1308,6.29|6.97,4.68566959644|4.15312336896,6.63,7.8,0,false
poverty_rate,idn.13.1301,2019,7,2,idn.13.1376|idn.13.1311,5.68|6.29,6.12172635424|4.68566959644,5.985,8.445,-0.645,false
poverty_rate,idn.13.1301,2020,5,2,idn.13.1311|idn.13.1304,6.23|6.78,5.30525344794|4.5015911259,6.505,7.845,0,false
poverty_rate,idn.13.1301,2020,7,2,idn.13.1311|idn.13.1304,6.23|6.78,5.30525344794|4.5015911259,6.505,7.845,0,false
poverty_rate,idn.13.1301,2021,5,2,idn.13.1304|idn.13.1308,6.8|7.29,4.46854278748|4.36507132098,7.045,7.795,0.31,false
poverty_rate,idn.13.1301,2021,7,2,idn.13.1311|idn.13.1304,6.67|6.8,4.54196168379|4.46854278748,6.735,8.105,0,false
poverty_rate,idn.13.1301,2022,5,2,idn.13.1311|idn.13.1304,5.56|6,4.95134272945|4.8483335183,5.78,8.19,0,false
poverty_rate,idn.13.1301,2022,7,2,idn.13.1311|idn.13.1376,5.56|5.66,4.95134272945|6.44186855695,5.61,8.36,-0.17,false
poverty_rate,idn.13.1301,2023,5,2,idn.13.1311|idn.13.1304,5.56|5.88,3.95697351074|3.50489141731,5.72,8,0,false
poverty_rate,idn.13.1301,2023,7,2,idn.13.1311|idn.13.1304,5.56|5.88,3.95697351074|3.50489141731,5.72,8,0,false
poverty_rate,idn.13.1301,2024,5,2,idn.13.1311|idn.13.1304,5.32|5.78,3.90150223466|4.09578194307,5.55,8.34,0,false
poverty_rate,idn.13.1301,2024,7,2,idn.13.1377|idn.13.1311,4.26|5.32,5.42460360314|3.90150223466,4.79,9.1,-0.76,false
poverty_rate,idn.13.1302,2019,5,2,idn.13.1305|idn.13.1311,4.66|6.29,1.37860562432|1.4725042048,5.475,2.405,0,false
poverty_rate,idn.13.1302,2019,7,2,idn.13.1305|idn.13.1377,4.66|4.76,1.37860562432|2.00407850519,4.71,3.17,-0.765,false
poverty_rate,idn.13.1302,2020,5,2,idn.13.1311|idn.13.1307,6.23|6.75,1.06808124675|1.29593950961,6.49,1.12,1.175,false
poverty_rate,idn.13.1302,2020,7,2,idn.13.1305|idn.13.1311,4.4|6.23,1.52121420875|1.06808124675,5.315,2.295,0,false
poverty_rate,idn.13.1302,2021,5,2,idn.13.1377|idn.13.1305,4.38|4.54,2.07529499272|1.8546435286,4.46,3.46,0,false
poverty_rate,idn.13.1302,2021,7,2,idn.13.1377|idn.13.1305,4.38|4.54,2.07529499272|1.8546435286,4.46,3.46,0,false
poverty_rate,idn.13.1302,2022,5,2,idn.13.1305|idn.13.1307,4.26|6.22,1.57668346691|1.20320222402,5.24,1.87,0.33,false
poverty_rate,idn.13.1302,2022,7,2,idn.13.1305|idn.13.1311,4.26|5.56,1.57668346691|1.67769870338,4.91,2.2,0,false
poverty_rate,idn.13.1302,2023,5,2,idn.13.1305|idn.13.1311,4.16|5.56,1.63186760444|1.5714802216,4.86,2.48,0,false
poverty_rate,idn.13.1302,2023,7,2,idn.13.1305|idn.13.1377,4.16|4.2,1.63186760444|2.11998059474,4.18,3.16,-0.68,false
poverty_rate,idn.13.1302,2024,5,2,idn.13.1305|idn.13.1306,4.28|6.27,1.80786403304|1.6618098395,5.275,2.215,0.245,false
poverty_rate,idn.13.1302,2024,7,2,idn.13.1305|idn.13.1304,4.28|5.78,1.80786403304|2.29169763003,5.03,2.46,0,false
poverty_rate,idn.13.1303,2019,5,2,idn.13.1305|idn.13.1311,4.66|6.29,1.79071669948|1.23183877469,5.475,2.505,0,false
poverty_rate,idn.13.1303,2019,7,2,idn.13.1305|idn.13.1311,4.66|6.29,1.79071669948|1.23183877469,5.475,2.505,0,false
poverty_rate,idn.13.1303,2020,5,2,idn.13.1311|idn.13.1308,6.23|6.86,0.722011420388|1.14527918398,6.545,1.265,0.055,false
poverty_rate,idn.13.1303,2020,7,2,idn.13.1311|idn.13.1307,6.23|6.75,0.722011420388|1.79858061726,6.49,1.32,0,false
poverty_rate,idn.13.1303,2021,5,2,idn.13.1311|idn.13.1304,6.67|6.8,0.85677269069|1.53351415089,6.735,1.275,0,false
poverty_rate,idn.13.1303,2021,7,2,idn.13.1305|idn.13.1311,4.54|6.67,2.39447001487|0.85677269069,5.605,2.405,-1.13,false
poverty_rate,idn.13.1303,2022,5,2,idn.13.1311|idn.13.1310,5.56|6.51,0.881508938313|1.41903240185,6.035,1.085,0.255,false
poverty_rate,idn.13.1303,2022,7,2,idn.13.1311|idn.13.1304,5.56|6,0.881508938313|1.85486447592,5.78,1.34,0,false
poverty_rate,idn.13.1303,2023,5,2,idn.13.1311|idn.13.1310,5.56|6.45,1.11726738718|1.56783971659,6.005,1.125,0,false
poverty_rate,idn.13.1303,2023,7,2,idn.13.1305|idn.13.1311,4.16|5.56,2.13594431865|1.11726738718,4.86,2.27,-1.145,false
poverty_rate,idn.13.1303,2024,5,2,idn.13.1305|idn.13.1311,4.28|5.32,2.77411484324|1.28085776819,4.8,2.51,0,false
poverty_rate,idn.13.1303,2024,7,2,idn.13.1305|idn.13.1311,4.28|5.32,2.77411484324|1.28085776819,4.8,2.51,0,false
poverty_rate,idn.13.1304,2019,5,2,idn.13.1311|idn.13.1308,6.29|6.97,1.02323437707|1.92946712999,6.63,0.41,0,false
poverty_rate,idn.13.1304,2019,7,2,idn.13.1311|idn.13.1308,6.29|6.97,1.02323437707|1.92946712999,6.63,0.41,0,false
poverty_rate,idn.13.1304,2020,5,2,idn.13.1311|idn.13.1308,6.23|6.86,1.68811310224|1.69040801803,6.545,0.235,0,false
poverty_rate,idn.13.1304,2020,7,2,idn.13.1376|idn.13.1311,5.65|6.23,2.81589035509|1.68811310224,5.94,0.84,-0.605,false
poverty_rate,idn.13.1304,2021,5,2,idn.13.1311|idn.13.1308,6.67|7.29,1.12897449204|1.43168934995,6.98,-0.18,0,false
poverty_rate,idn.13.1304,2021,7,2,idn.13.1376|idn.13.1311,6.16|6.67,2.6990772068|1.12897449204,6.415,0.385,-0.565,false
poverty_rate,idn.13.1304,2022,5,2,idn.13.1311|idn.13.1310,5.56|6.51,1.72487876539|0.800554330228,6.035,-0.035,0,false
poverty_rate,idn.13.1304,2022,7,2,idn.13.1311|idn.13.1376,5.56|5.66,1.72487876539|2.86449385076,5.61,0.39,-0.425,false
poverty_rate,idn.13.1304,2023,5,2,idn.13.1311|idn.13.1310,5.56|6.45,1.4303801679|2.21287856904,6.005,-0.125,0,false
poverty_rate,idn.13.1304,2023,7,2,idn.13.1377|idn.13.1311,4.2|5.56,2.59647250263|1.4303801679,4.88,1,-1.125,false
poverty_rate,idn.13.1304,2024,5,2,idn.13.1311|idn.13.1310,5.32|6.56,1.84988198039|2.07791889594,5.94,-0.16,1.15,false
poverty_rate,idn.13.1304,2024,7,2,idn.13.1377|idn.13.1311,4.26|5.32,2.63997440545|1.84988198039,4.79,0.99,0,false
poverty_rate,idn.13.1305,2019,5,2,idn.13.1307|idn.13.1306,6.75|7.1,0.285959894798|1.80818113946,6.925,-2.265,1.17,false
poverty_rate,idn.13.1305,2019,7,2,idn.13.1377|idn.13.1311,4.76|6.29,1.97814558772|2.13576725984,5.525,-0.865,-0.23,false
poverty_rate,idn.13.1305,2020,5,2,idn.13.1377|idn.13.1307,4.1|6.75,1.9261401153|0.863599378633,5.425,-1.025,2.295,false
poverty_rate,idn.13.1305,2020,7,2,idn.13.1373|idn.13.1377,2.16|4.1,2.04104158358|1.9261401153,3.13,1.27,0,false
poverty_rate,idn.13.1305,2021,5,2,idn.13.1307|idn.13.1306,6.85|7.22,0.409641528497|1.15879931388,7.035,-2.495,2.42,false
poverty_rate,idn.13.1305,2021,7,2,idn.13.1373|idn.13.1311,2.38|6.67,2.13142442927|2.13553685915,4.525,0.015,-0.09,false
poverty_rate,idn.13.1305,2022,5,2,idn.13.1373|idn.13.1307,2.28|6.22,1.78900988461|0.638599034642,4.25,0.01,0,false
poverty_rate,idn.13.1305,2022,7,2,idn.13.1373|idn.13.1307,2.28|6.22,1.78900988461|0.638599034642,4.25,0.01,0,false
poverty_rate,idn.13.1305,2023,5,2,idn.13.1373|idn.13.1306,2.27|6.34,1.81206286333|0.829806877498,4.305,-0.145,0.39,false
poverty_rate,idn.13.1305,2023,7,2,idn.13.1373|idn.13.1377,2.27|4.2,1.81206286333|1.98385734586,3.235,0.925,-0.68,false
poverty_rate,idn.13.1305,2024,5,2,idn.13.1306|idn.13.1307,6.27|6.83,1.34299514507|0.633873763361,6.55,-2.27,2.25,false
poverty_rate,idn.13.1305,2024,7,2,idn.13.1373|idn.13.1377,2.33|4.26,1.87825626162|1.95998095955,3.295,0.985,-1.005,false
poverty_rate,idn.13.1306,2019,5,2,idn.13.1305|idn.13.1311,4.66|6.29,1.81573418434|1.76017079771,5.475,1.625,0.765,false
poverty_rate,idn.13.1306,2019,7,2,idn.13.1305|idn.13.1377,4.66|4.76,1.81573418434|2.15043521434,4.71,2.39,0,false
poverty_rate,idn.13.1306,2020,5,2,idn.13.1373|idn.13.1305,2.16|4.4,2.25054992554|1.86719134379,3.28,3.67,0,false
poverty_rate,idn.13.1306,2020,7,2,idn.13.1373|idn.13.1305,2.16|4.4,2.25054992554|1.86719134379,3.28,3.67,0,false
poverty_rate,idn.13.1306,2021,5,2,idn.13.1373|idn.13.1305,2.38|4.54,2.05808853684|1.16013484116,3.46,3.76,0,false
poverty_rate,idn.13.1306,2021,7,2,idn.13.1373|idn.13.1305,2.38|4.54,2.05808853684|1.16013484116,3.46,3.76,0,false
poverty_rate,idn.13.1306,2022,5,2,idn.13.1373|idn.13.1305,2.28|4.26,2.27500971883|1.46731042918,3.27,2.98,0,false
poverty_rate,idn.13.1306,2022,7,2,idn.13.1373|idn.13.1377,2.28|4.13,2.27500971883|2.51591413833,3.205,3.045,-0.065,false
poverty_rate,idn.13.1306,2023,5,2,idn.13.1305|idn.13.1311,4.16|5.56,0.83392374136|1.87569447077,4.86,1.48,0,false
poverty_rate,idn.13.1306,2023,7,2,idn.13.1373|idn.13.1305,2.27|4.16,2.14702204244|0.83392374136,3.215,3.125,-1.645,false
poverty_rate,idn.13.1306,2024,5,2,idn.13.1305|idn.13.1307,4.28|6.83,1.38661968227|1.28432202448,5.555,0.715,2.25,false
poverty_rate,idn.13.1306,2024,7,2,idn.13.1373|idn.13.1377,2.33|4.26,2.51815655424|2.57047378544,3.295,2.975,-0.01,false
poverty_rate,idn.13.1307,2019,5,2,idn.13.1305|idn.13.1306,4.66|7.1,0.284936361221|1.71607147251,5.88,0.87,1.17,false
poverty_rate,idn.13.1307,2019,7,2,idn.13.1305|idn.13.1377,4.66|4.76,0.284936361221|1.77052359002,4.71,2.04,0,false
poverty_rate,idn.13.1307,2020,5,2,idn.13.1373|idn.13.1305,2.16|4.4,1.65515963137|0.844753400092,3.28,3.47,0,false
poverty_rate,idn.13.1307,2020,7,2,idn.13.1373|idn.13.1305,2.16|4.4,1.65515963137|0.844753400092,3.28,3.47,0,false
poverty_rate,idn.13.1307,2021,5,2,idn.13.1305|idn.13.1311,4.54|6.67,0.407160970773|1.83114914698,5.605,1.245,0,false
poverty_rate,idn.13.1307,2021,7,2,idn.13.1373|idn.13.1305,2.38|4.54,1.97425920412|0.407160970773,3.46,3.39,-2.145,false
poverty_rate,idn.13.1307,2022,5,2,idn.13.1373|idn.13.1305,2.28|4.26,1.76188108643|0.630407688909,3.27,2.95,0,false
poverty_rate,idn.13.1307,2022,7,2,idn.13.1373|idn.13.1377,2.28|4.13,1.76188108643|1.89024445086,3.205,3.015,-0.065,false
poverty_rate,idn.13.1307,2023,5,2,idn.13.1305|idn.13.1311,4.16|5.56,0.717088127905|1.54712094593,4.86,1.74,0,false
poverty_rate,idn.13.1307,2023,7,2,idn.13.1305|idn.13.1377,4.16|4.2,0.717088127905|2.06601887074,4.18,2.42,-0.68,false
poverty_rate,idn.13.1307,2024,5,2,idn.13.1305|idn.13.1306,4.28|6.27,0.630873477607|1.24065844656,5.275,1.555,1.005,false
poverty_rate,idn.13.1307,2024,7,2,idn.13.1377|idn.13.1305,4.26|4.28,1.76422894785|0.630873477607,4.27,2.56,0,false
poverty_rate,idn.13.1308,2019,5,2,idn.13.1311|idn.13.1304,6.29|7.04,1.51783529918|1.94899388883,6.665,0.305,0.145,false
poverty_rate,idn.13.1308,2019,7,2,idn.13.1305|idn.13.1311,4.66|6.29,2.30857347395|1.51783529918,5.475,1.495,-1.045,false
poverty_rate,idn.13.1308,2020,5,2,idn.13.1311|idn.13.1310,6.23|7.15,1.04416851486|0.724084561649,6.69,0.17,0.185,false
poverty_rate,idn.13.1308,2020,7,2,idn.13.1311|idn.13.1307,6.23|6.75,1.04416851486|1.7685484164,6.49,0.37,-0.015,false
poverty_rate,idn.13.1308,2021,5,2,idn.13.1311|idn.13.1304,6.67|6.8,0.66987904225|1.38109601909,6.735,0.555,0,false
poverty_rate,idn.13.1308,2021,7,2,idn.13.1305|idn.13.1311,4.54|6.67,1.90317407133|0.66987904225,5.605,1.685,-1.13,false
poverty_rate,idn.13.1308,2022,5,2,idn.13.1311|idn.13.1310,5.56|6.51,0.854762696495|0.817269563906,6.035,0.555,0.255,false
poverty_rate,idn.13.1308,2022,7,2,idn.13.1311|idn.13.1304,5.56|6,0.854762696495|1.40940581121,5.78,0.81,0,false
poverty_rate,idn.13.1308,2023,5,2,idn.13.1311|idn.13.1310,5.56|6.45,0.883424794203|1.17971767315,6.005,0.795,0.055,false
poverty_rate,idn.13.1308,2023,7,2,idn.13.1305|idn.13.1311,4.16|5.56,1.8082447713|0.883424794203,4.86,1.94,-1.09,false
poverty_rate,idn.13.1308,2024,5,2,idn.13.1311|idn.13.1310,5.32|6.56,0.80023896648|1.48037980351,5.94,0.98,1.14,false
poverty_rate,idn.13.1308,2024,7,2,idn.13.1305|idn.13.1311,4.28|5.32,1.74012580409|0.80023896648,4.8,2.12,0,false
poverty_rate,idn.13.1309,2019,5,2,idn.13.1311|idn.13.1308,6.29|6.97,1.50491658406|2.20411815589,6.63,0.58,0,false
poverty_rate,idn.13.1309,2019,7,2,idn.13.1311|idn.13.1308,6.29|6.97,1.50491658406|2.20411815589,6.63,0.58,0,false
poverty_rate,idn.13.1309,2020,5,2,idn.13.1311|idn.13.1308,6.23|6.86,1.55707451297|1.3944815464,6.545,0.615,0.04,false
poverty_rate,idn.13.1309,2020,7,2,idn.13.1311|idn.13.1307,6.23|6.75,1.55707451297|2.47853816018,6.49,0.67,-0.015,false
poverty_rate,idn.13.1309,2021,5,2,idn.13.1311|idn.13.1304,6.67|6.8,1.55730739828|1.73052715095,6.735,0.745,0,false
poverty_rate,idn.13.1309,2021,7,2,idn.13.1311|idn.13.1304,6.67|6.8,1.55730739828|1.73052715095,6.735,0.745,0,false
poverty_rate,idn.13.1309,2022,5,2,idn.13.1311|idn.13.1310,5.56|6.51,1.74832265802|1.61703023622,6.035,0.815,0.255,false
poverty_rate,idn.13.1309,2022,7,2,idn.13.1311|idn.13.1304,5.56|6,1.74832265802|1.76221680345,5.78,1.07,0,false
poverty_rate,idn.13.1309,2023,5,2,idn.13.1311|idn.13.1310,5.56|6.45,1.71746777211|1.70530605964,6.005,0.795,0.285,false
poverty_rate,idn.13.1309,2023,7,2,idn.13.1311|idn.13.1304,5.56|5.88,1.71746777211|2.34418974821,5.72,1.08,0,false
poverty_rate,idn.13.1309,2024,5,2,idn.13.1311|idn.13.1304,5.32|5.78,1.60960012024|2.13876914838,5.55,1.19,0,false
poverty_rate,idn.13.1309,2024,7,2,idn.13.1311|idn.13.1304,5.32|5.78,1.60960012024|2.13876914838,5.55,1.19,0,false
poverty_rate,idn.13.1310,2019,5,2,idn.13.1311|idn.13.1308,6.29|6.97,2.15479294239|0.789547031149,6.63,0.7,0.645,false
poverty_rate,idn.13.1310,2019,7,2,idn.13.1376|idn.13.1311,5.68|6.29,2.80139232156|2.15479294239,5.985,1.345,0,false
poverty_rate,idn.13.1310,2020,5,2,idn.13.1311|idn.13.1304,6.23|6.78,0.712739706913|1.1965196958,6.505,0.645,0,false
poverty_rate,idn.13.1310,2020,7,2,idn.13.1311|idn.13.1307,6.23|6.75,0.712739706913|2.10780981874,6.49,0.66,-0.015,false
poverty_rate,idn.13.1310,2021,5,2,idn.13.1311|idn.13.1304,6.67|6.8,1.10467764459|0.834723252684,6.735,0.785,0,false
poverty_rate,idn.13.1310,2021,7,2,idn.13.1311|idn.13.1304,6.67|6.8,1.10467764459|0.834723252684,6.735,0.785,0,false
poverty_rate,idn.13.1310,2022,5,2,idn.13.1311|idn.13.1304,5.56|6,1.01756698356|0.789549226127,5.78,0.73,0,false
poverty_rate,idn.13.1310,2022,7,2,idn.13.1311|idn.13.1304,5.56|6,1.01756698356|0.789549226127,5.78,0.73,0,false
poverty_rate,idn.13.1310,2023,5,2,idn.13.1311|idn.13.1307,5.56|6.6,1.65556780494|2.30099108122,6.08,0.37,0.36,false
poverty_rate,idn.13.1310,2023,7,2,idn.13.1311|idn.13.1304,5.56|5.88,1.65556780494|2.39208479698,5.72,0.73,0,false
poverty_rate,idn.13.1310,2024,5,2,idn.13.1311|idn.13.1304,5.32|5.78,0.891144068738|2.17393591565,5.55,1.01,0.76,false
poverty_rate,idn.13.1310,2024,7,2,idn.13.1377|idn.13.1311,4.26|5.32,2.42692509836|0.891144068738,4.79,1.77,0,false
poverty_rate,idn.13.1311,2019,5,2,idn.13.1308|idn.13.1304,6.97|7.04,1.44698523544|0.987034447594,7.005,-0.715,0,false
poverty_rate,idn.13.1311,2019,7,2,idn.13.1308|idn.13.1304,6.97|7.04,1.44698523544|0.987034447594,7.005,-0.715,0,false
poverty_rate,idn.13.1311,2020,5,2,idn.13.1308|idn.13.1310,6.86|7.15,1.03159493753|0.704859732962,7.005,-0.775,0.185,false
poverty_rate,idn.13.1311,2020,7,2,idn.13.1307|idn.13.1304,6.75|6.78,1.61594756779|1.58005433404,6.765,-0.535,-0.055,false
poverty_rate,idn.13.1311,2021,5,2,idn.13.1304|idn.13.1308,6.8|7.29,1.10208551758|0.66790849324,7.045,-0.375,0.22,false
poverty_rate,idn.13.1311,2021,7,2,idn.13.1305|idn.13.1304,4.54|6.8,2.10288968163|1.10208551758,5.67,1,-1.155,false
poverty_rate,idn.13.1311,2022,5,2,idn.13.1304|idn.13.1310,6|6.51,1.66299900206|0.994089633762,6.255,-0.695,0,false
poverty_rate,idn.13.1311,2022,7,2,idn.13.1304|idn.13.1307,6|6.22,1.66299900206|2.06287328417,6.11,-0.55,-0.145,false
poverty_rate,idn.13.1311,2023,5,2,idn.13.1304|idn.13.1310,5.88|6.45,1.38695136888|1.53553096994,6.165,-0.605,0,false
poverty_rate,idn.13.1311,2023,7,2,idn.13.1304|idn.13.1310,5.88|6.45,1.38695136888|1.53553096994,6.165,-0.605,0,false
poverty_rate,idn.13.1311,2024,5,2,idn.13.1304|idn.13.1310,5.78|6.56,1.81552944686|0.862650001202,6.17,-0.85,1.15,false
poverty_rate,idn.13.1311,2024,7,2,idn.13.1377|idn.13.1304,4.26|5.78,1.816619439|1.81552944686,5.02,0.3,0,false
poverty_rate,idn.13.1312,2019,5,2,idn.13.1305|idn.13.1307,4.66|6.75,1.71351713105|1.72613040907,5.705,1.435,0.23,false
poverty_rate,idn.13.1312,2019,7,2,idn.13.1373|idn.13.1305,2.17|4.66,3.30136321489|1.71351713105,3.415,3.725,-2.06,false
poverty_rate,idn.13.1312,2020,5,2,idn.13.1373|idn.13.1305,2.16|4.4,2.86644019011|1.85974506401,3.28,3.76,0,false
poverty_rate,idn.13.1312,2020,7,2,idn.13.1373|idn.13.1305,2.16|4.4,2.86644019011|1.85974506401,3.28,3.76,0,false
poverty_rate,idn.13.1312,2021,5,2,idn.13.1305|idn.13.1307,4.54|6.85,1.47985821795|1.73645851379,5.695,1.815,2.235,false
poverty_rate,idn.13.1312,2021,7,2,idn.13.1373|idn.13.1377,2.38|4.38,2.79239650983|3.19289538118,3.38,4.13,-0.08,false
poverty_rate,idn.13.1312,2022,5,2,idn.13.1305|idn.13.1307,4.26|6.22,1.59427961549|1.59508098556,5.24,1.69,1.97,false
poverty_rate,idn.13.1312,2022,7,2,idn.13.1373|idn.13.1305,2.28|4.26,2.7878415478|1.59427961549,3.27,3.66,0,false
poverty_rate,idn.13.1312,2023,5,2,idn.13.1305|idn.13.1377,4.16|4.2,2.12636092265|3.2630724167,4.18,2.74,0.015,false
poverty_rate,idn.13.1312,2023,7,2,idn.13.1373|idn.13.1305,2.27|4.16,3.32659373875|2.12636092265,3.215,3.705,-0.95,false
poverty_rate,idn.13.1312,2024,5,2,idn.13.1305|idn.13.1306,4.28|6.27,1.58866362562|1.66929083248,5.275,1.725,1.97,false
poverty_rate,idn.13.1312,2024,7,2,idn.13.1373|idn.13.1371,2.33|4.06,3.09550805946|3.23421214782,3.195,3.805,-0.11,false
poverty_rate,idn.13.1371,2019,5,2,idn.13.1372|idn.13.1377,3.24|4.76,2.78936311989|2.55097356601,4,0.48,1.295,false
poverty_rate,idn.13.1371,2019,7,2,idn.13.1373|idn.13.1372,2.17|3.24,3.53458869062|2.78936311989,2.705,1.775,0,false
poverty_rate,idn.13.1371,2020,5,2,idn.13.1373|idn.13.1372,2.16|2.77,2.15904823417|2.70382346986,2.465,1.935,0,false
poverty_rate,idn.13.1371,2020,7,2,idn.13.1373|idn.13.1372,2.16|2.77,2.15904823417|2.70382346986,2.465,1.935,0,false
poverty_rate,idn.13.1371,2021,5,2,idn.13.1373|idn.13.1377,2.38|4.38,1.97453189996|2.01419645131,3.38,1.56,0,false
poverty_rate,idn.13.1371,2021,7,2,idn.13.1373|idn.13.1377,2.38|4.38,1.97453189996|2.01419645131,3.38,1.56,0,false
poverty_rate,idn.13.1371,2022,5,2,idn.13.1373|idn.13.1372,2.28|3.02,1.44822146395|2.57502850869,2.65,1.61,0,false
poverty_rate,idn.13.1371,2022,7,2,idn.13.1373|idn.13.1372,2.28|3.02,1.44822146395|2.57502850869,2.65,1.61,0,false
poverty_rate,idn.13.1371,2023,5,2,idn.13.1373|idn.13.1375,2.27|4.11,2.35032474356|2.5019564904,3.19,0.98,0.53,false
poverty_rate,idn.13.1371,2023,7,2,idn.13.1373|idn.13.1372,2.27|3.05,2.35032474356|3.01881793791,2.66,1.51,0,false
poverty_rate,idn.13.1371,2024,5,2,idn.13.1373|idn.13.1375,2.33|4.08,1.59724472018|2.35642104782,3.205,0.855,0,false
poverty_rate,idn.13.1371,2024,7,2,idn.13.1373|idn.13.1372,2.33|3.07,1.59724472018|2.55116525105,2.7,1.36,-0.505,false
poverty_rate,idn.13.1372,2019,5,2,idn.13.1371|idn.13.1375,4.48|4.6,2.65077169216|1.76182928928,4.54,-1.3,0,false
poverty_rate,idn.13.1372,2019,7,2,idn.13.1371|idn.13.1375,4.48|4.6,2.65077169216|1.76182928928,4.54,-1.3,0,false
poverty_rate,idn.13.1372,2020,5,2,idn.13.1377|idn.13.1371,4.1|4.4,2.06845143693|2.58991281875,4.25,-1.48,1.12,false
poverty_rate,idn.13.1372,2020,7,2,idn.13.1373|idn.13.1377,2.16|4.1,3.05176397405|2.06845143693,3.13,-0.36,0,false
poverty_rate,idn.13.1372,2021,5,2,idn.13.1377|idn.13.1375,4.38|5.14,2.44733151096|1.0209334049,4.76,-1.64,0.3,false
poverty_rate,idn.13.1372,2021,7,2,idn.13.1377|idn.13.1305,4.38|4.54,2.44733151096|3.46821146942,4.46,-1.34,0,false
poverty_rate,idn.13.1372,2022,5,2,idn.13.1373|idn.13.1377,2.28|4.13,2.22248318438|1.95724961486,3.205,-0.185,0,false
poverty_rate,idn.13.1372,2022,7,2,idn.13.1373|idn.13.1377,2.28|4.13,2.22248318438|1.95724961486,3.205,-0.185,0,false
poverty_rate,idn.13.1372,2023,5,2,idn.13.1373|idn.13.1375,2.27|4.11,2.17972740725|1.17291352875,3.19,-0.14,0,false
poverty_rate,idn.13.1372,2023,7,2,idn.13.1373|idn.13.1375,2.27|4.11,2.17972740725|1.17291352875,3.19,-0.14,0,false
poverty_rate,idn.13.1372,2024,5,2,idn.13.1373|idn.13.1375,2.33|4.08,2.24145785651|0.440244108203,3.205,-0.135,0.01,false
poverty_rate,idn.13.1372,2024,7,2,idn.13.1373|idn.13.1371,2.33|4.06,2.24145785651|2.52536604852,3.195,-0.125,0,false
poverty_rate,idn.13.1373,2019,5,2,idn.13.1305|idn.13.1377,4.66|4.76,2.26973768343|2.45500906791,4.71,-2.54,0,false
poverty_rate,idn.13.1373,2019,7,2,idn.13.1305|idn.13.1377,4.66|4.76,2.26973768343|2.45500906791,4.71,-2.54,0,false
poverty_rate,idn.13.1373,2020,5,2,idn.13.1377|idn.13.1371,4.1|4.4,1.77712516914|2.01523973515,4.25,-2.09,0,false
poverty_rate,idn.13.1373,2020,7,2,idn.13.1377|idn.13.1305,4.1|4.4,1.77712516914|2.05564257991,4.25,-2.09,0,false
poverty_rate,idn.13.1373,2021,5,2,idn.13.1371|idn.13.1374,4.94|5.92,1.86110205049|2.09745594279,5.43,-3.05,0.69,false
poverty_rate,idn.13.1373,2021,7,2,idn.13.1377|idn.13.1305,4.38|4.54,2.21223459177|2.15583151826,4.46,-2.08,-0.28,false
poverty_rate,idn.13.1373,2022,5,2,idn.13.1377|idn.13.1305,4.13|4.26,2.01607142803|1.82311820635,4.195,-1.915,0,false
poverty_rate,idn.13.1373,2022,7,2,idn.13.1372|idn.13.1377,3.02|4.13,2.25782566062|2.01607142803,3.575,-1.295,-0.62,false
poverty_rate,idn.13.1373,2023,5,2,idn.13.1305|idn.13.1377,4.16|4.2,1.85323048507|1.85258799535,4.18,-1.91,0,false
poverty_rate,idn.13.1373,2023,7,2,idn.13.1372|idn.13.1305,3.05|4.16,2.20809617286|1.85323048507,3.605,-1.335,-0.575,false
poverty_rate,idn.13.1373,2024,5,2,idn.13.1371|idn.13.1375,4.06|4.08,1.60630284666|2.14608524596,4.07,-1.74,0.505,false
poverty_rate,idn.13.1373,2024,7,2,idn.13.1372|idn.13.1371,3.07|4.06,2.28225064942|1.60630284666,3.565,-1.235,0,false
poverty_rate,idn.13.1374,2019,5,2,idn.13.1372|idn.13.1371,3.24|4.48,1.64961865829|1.47503144167,3.86,1.74,1.155,false
poverty_rate,idn.13.1374,2019,7,2,idn.13.1373|idn.13.1372,2.17|3.24,2.46034043294|1.64961865829,2.705,2.895,0,false
poverty_rate,idn.13.1374,2020,5,2,idn.13.1373|idn.13.1377,2.16|4.1,1.62978254354|1.3237661766,3.13,2.11,0.665,false
poverty_rate,idn.13.1374,2020,7,2,idn.13.1373|idn.13.1372,2.16|2.77,1.62978254354|1.99574566551,2.465,2.775,0,false
poverty_rate,idn.13.1374,2021,5,2,idn.13.1373|idn.13.1372,2.38|3.12,2.17174282062|1.75299668671,2.75,3.17,0,false
poverty_rate,idn.13.1374,2021,7,2,idn.13.1373|idn.13.1372,2.38|3.12,2.17174282062|1.75299668671,2.75,3.17,0,false
poverty_rate,idn.13.1374,2022,5,2,idn.13.1373|idn.13.1372,2.28|3.02,1.67241249896|1.38310832018,2.65,2.49,0,false
poverty_rate,idn.13.1374,2022,7,2,idn.13.1373|idn.13.1372,2.28|3.02,1.67241249896|1.38310832018,2.65,2.49,0,false
poverty_rate,idn.13.1374,2023,5,2,idn.13.1373|idn.13.1372,2.27|3.05,2.20125526714|1.89034476026,2.66,2.58,0,false
poverty_rate,idn.13.1374,2023,7,2,idn.13.1373|idn.13.1372,2.27|3.05,2.20125526714|1.89034476026,2.66,2.58,0,false
poverty_rate,idn.13.1374,2024,5,2,idn.13.1373|idn.13.1372,2.33|3.07,1.71313574896|1.71698266426,2.7,2.61,0,false
poverty_rate,idn.13.1374,2024,7,2,idn.13.1373|idn.13.1372,2.33|3.07,1.71313574896|1.71698266426,2.7,2.61,0,false
poverty_rate,idn.13.1375,2019,5,2,idn.13.1373|idn.13.1372,2.17|3.24,3.06215113628|1.77143551146,2.705,1.895,0,false
poverty_rate,idn.13.1375,2019,7,2,idn.13.1373|idn.13.1372,2.17|3.24,3.06215113628|1.77143551146,2.705,1.895,0,false
poverty_rate,idn.13.1375,2020,5,2,idn.13.1372|idn.13.1377,2.77|4.1,1.2965947787|2.08014768066,3.435,1.105,0.97,false
poverty_rate,idn.13.1375,2020,7,2,idn.13.1373|idn.13.1372,2.16|2.77,3.29318451206|1.2965947787,2.465,2.075,0,false
poverty_rate,idn.13.1375,2021,5,2,idn.13.1373|idn.13.1372,2.38|3.12,2.94210339851|1.00073012792,2.75,2.39,0,false
poverty_rate,idn.13.1375,2021,7,2,idn.13.1373|idn.13.1372,2.38|3.12,2.94210339851|1.00073012792,2.75,2.39,0,false
poverty_rate,idn.13.1375,2022,5,2,idn.13.1373|idn.13.1372,2.28|3.02,2.72899548223|1.36470925057,2.65,1.81,0,false
poverty_rate,idn.13.1375,2022,7,2,idn.13.1373|idn.13.1372,2.28|3.02,2.72899548223|1.36470925057,2.65,1.81,0,false
poverty_rate,idn.13.1375,2023,5,2,idn.13.1372|idn.13.1371,3.05|4.17,1.22491673932|2.48726433506,3.61,0.5,0.95,false
poverty_rate,idn.13.1375,2023,7,2,idn.13.1373|idn.13.1372,2.27|3.05,2.55413705392|1.22491673932,2.66,1.45,0,false
poverty_rate,idn.13.1375,2024,5,2,idn.13.1373|idn.13.1372,2.33|3.07,2.1138259694|0.444531561003,2.7,1.38,0,false
poverty_rate,idn.13.1375,2024,7,2,idn.13.1373|idn.13.1372,2.33|3.07,2.1138259694|0.444531561003,2.7,1.38,0,false
poverty_rate,idn.13.1376,2019,5,2,idn.13.1373|idn.13.1372,2.17|3.24,2.17269256692|2.03180647645,2.705,2.975,0,false
poverty_rate,idn.13.1376,2019,7,2,idn.13.1373|idn.13.1372,2.17|3.24,2.17269256692|2.03180647645,2.705,2.975,0,false
poverty_rate,idn.13.1376,2020,5,2,idn.13.1373|idn.13.1372,2.16|2.77,1.94552283293|1.93434357752,2.465,3.185,0,false
poverty_rate,idn.13.1376,2020,7,2,idn.13.1373|idn.13.1372,2.16|2.77,1.94552283293|1.93434357752,2.465,3.185,0,false
poverty_rate,idn.13.1376,2021,5,2,idn.13.1373|idn.13.1372,2.38|3.12,2.03541980183|1.82998033742,2.75,3.41,0,false
poverty_rate,idn.13.1376,2021,7,2,idn.13.1373|idn.13.1372,2.38|3.12,2.03541980183|1.82998033742,2.75,3.41,0,false
poverty_rate,idn.13.1376,2022,5,2,idn.13.1373|idn.13.1372,2.28|3.02,2.09654881125|1.52087336108,2.65,3.01,0,false
poverty_rate,idn.13.1376,2022,7,2,idn.13.1373|idn.13.1372,2.28|3.02,2.09654881125|1.52087336108,2.65,3.01,0,false
poverty_rate,idn.13.1376,2023,5,2,idn.13.1373|idn.13.1372,2.27|3.05,1.97745467894|1.01054371754,2.66,2.78,0,false
poverty_rate,idn.13.1376,2023,7,2,idn.13.1373|idn.13.1372,2.27|3.05,1.97745467894|1.01054371754,2.66,2.78,0,false
poverty_rate,idn.13.1376,2024,5,2,idn.13.1372|idn.13.1375,3.07|4.08,1.24703074553|1.35271567618,3.575,1.615,0.875,false
poverty_rate,idn.13.1376,2024,7,2,idn.13.1373|idn.13.1372,2.33|3.07,2.28896929077|1.24703074553,2.7,2.49,0,false
poverty_rate,idn.13.1377,2019,5,2,idn.13.1372|idn.13.1305,3.24|4.66,1.4427855067|1.97891826326,3.95,0.81,0,false
poverty_rate,idn.13.1377,2019,7,2,idn.13.1372|idn.13.1305,3.24|4.66,1.4427855067|1.97891826326,3.95,0.81,0,false
poverty_rate,idn.13.1377,2020,5,2,idn.13.1373|idn.13.1305,2.16|4.4,1.75395625402|1.91323659913,3.28,0.82,0,false
poverty_rate,idn.13.1377,2020,7,2,idn.13.1373|idn.13.1372,2.16|2.77,1.75395625402|1.9660604284,2.465,1.635,-0.815,false
poverty_rate,idn.13.1377,2021,5,2,idn.13.1372|idn.13.1371,3.12|4.94,2.24514017447|1.90047914336,4.03,0.35,1.28,false
poverty_rate,idn.13.1377,2021,7,2,idn.13.1373|idn.13.1372,2.38|3.12,2.25406786924|2.24514017447,2.75,1.63,0,false
poverty_rate,idn.13.1377,2022,5,2,idn.13.1373|idn.13.1372,2.28|3.02,2.02159791439|1.93123853575,2.65,1.48,0,false
poverty_rate,idn.13.1377,2022,7,2,idn.13.1373|idn.13.1372,2.28|3.02,2.02159791439|1.93123853575,2.65,1.48,0,false
poverty_rate,idn.13.1377,2023,5,2,idn.13.1373|idn.13.1372,2.27|3.05,1.80064886387|1.77596804438,2.66,1.54,0,false
poverty_rate,idn.13.1377,2023,7,2,idn.13.1373|idn.13.1372,2.27|3.05,1.80064886387|1.77596804438,2.66,1.54,0,false
poverty_rate,idn.13.1377,2024,5,2,idn.13.1372|idn.13.1305,3.07|4.28,1.94959113503|1.95180134456,3.675,0.585,0.11,false
poverty_rate,idn.13.1377,2024,7,2,idn.13.1372|idn.13.1371,3.07|4.06,1.94959113503|1.95805161537,3.565,0.695,0,false
unemployment_rate,idn.13.1301,2019,5,2,idn.13.1308|idn.13.1304,2.3|3.64,4.15312336896|3.99019925986,2.97,-0.05,0,false
unemployment_rate,idn.13.1301,2019,7,2,idn.13.1308|idn.13.1304,2.3|3.64,4.15312336896|3.99019925986,2.97,-0.05,0,false
unemployment_rate,idn.13.1301,2020,5,2,idn.13.1308|idn.13.1309,3.03|5.04,4.22152331987|4.70179825861,4.035,-0.055,0.195,false
unemployment_rate,idn.13.1301,2020,7,2,idn.13.1308|idn.13.1303,3.03|4.65,4.22152331987|5.3257483824,3.84,0.14,0,false
unemployment_rate,idn.13.1301,2021,5,2,idn.13.1308|idn.13.1304,2.25|3.57,4.36507132098|4.46854278748,2.91,-0.12,0,false
unemployment_rate,idn.13.1301,2021,7,2,idn.13.1308|idn.13.1304,2.25|3.57,4.36507132098|4.46854278748,2.91,-0.12,0,false
unemployment_rate,idn.13.1301,2022,5,2,idn.13.1310|idn.13.1308,3.71|3.72,4.45896326678|4.92877114757,3.715,-2.325,0,false
unemployment_rate,idn.13.1301,2022,7,2,idn.13.1310|idn.13.1308,3.71|3.72,4.45896326678|4.92877114757,3.715,-2.325,0,false
unemployment_rate,idn.13.1301,2023,5,2,idn.13.1310|idn.13.1308,2.57|3.95,2.85878082215|3.54129835469,3.26,-1.93,0,false
unemployment_rate,idn.13.1301,2023,7,2,idn.13.1310|idn.13.1308,2.57|3.95,2.85878082215|3.54129835469,3.26,-1.93,0,false
unemployment_rate,idn.13.1301,2024,5,2,idn.13.1310|idn.13.1304,2.3|4.73,3.0306375983|4.09578194307,3.515,-2.075,0.525,false
unemployment_rate,idn.13.1301,2024,7,2,idn.13.1310|idn.13.1308,2.3|3.68,3.0306375983|4.24613855663,2.99,-1.55,0,false
unemployment_rate,idn.13.1302,2019,5,2,idn.13.1305|idn.13.1303,3.2|4.72,1.37860562432|0.922705167676,3.96,2.06,0,false
unemployment_rate,idn.13.1302,2019,7,2,idn.13.1305|idn.13.1303,3.2|4.72,1.37860562432|0.922705167676,3.96,2.06,0,false
unemployment_rate,idn.13.1302,2020,5,2,idn.13.1308|idn.13.1307,3.03|4.61,1.49541180012|1.29593950961,3.82,3.18,0,false
unemployment_rate,idn.13.1302,2020,7,2,idn.13.1308|idn.13.1307,3.03|4.61,1.49541180012|1.29593950961,3.82,3.18,0,false
unemployment_rate,idn.13.1302,2021,5,2,idn.13.1308|idn.13.1305,2.25|4.63,2.04997311386|1.8546435286,3.44,2.53,0,false
unemployment_rate,idn.13.1302,2021,7,2,idn.13.1308|idn.13.1305,2.25|4.63,2.04997311386|1.8546435286,3.44,2.53,0,false
unemployment_rate,idn.13.1302,2022,5,2,idn.13.1308|idn.13.1307,3.72|4.93,1.21626425579|1.20320222402,4.325,0.285,0,false
unemployment_rate,idn.13.1302,2022,7,2,idn.13.1310|idn.13.1308,3.71|3.72,1.76358828435|1.21626425579,3.715,0.895,-0.61,false
unemployment_rate,idn.13.1302,2023,5,2,idn.13.1307|idn.13.1303,4.96|4.99,1.8955124205|1.82275517991,4.975,-0.225,0.52,false
unemployment_rate,idn.13.1302,2023,7,2,idn.13.1308|idn.13.1307,3.95|4.96,1.95900568281|1.8955124205,4.455,0.295,0,false
unemployment_rate,idn.13.1302,2024,5,2,idn.13.1308|idn.13.1307,3.68|4.73,2.0622030949|1.74219606121,4.205,0.855,0,false
unemployment_rate,idn.13.1302,2024,7,2,idn.13.1308|idn.13.1304,3.68|4.73,2.0622030949|2.29169763003,4.205,0.855,0,false
unemployment_rate,idn.13.1303,2019,5,2,idn.13.1305|idn.13.1307,3.2|4.78,1.79071669948|1.71479108286,3.99,0.73,0.57,false
unemployment_rate,idn.13.1303,2019,7,2,idn.13.1308|idn.13.1305,2.3|3.2,1.89648477688|1.79071669948,2.75,1.97,-0.67,false
unemployment_rate,idn.13.1303,2020,5,2,idn.13.1308|idn.13.1309,3.03|5.04,1.14527918398|1.12488477166,4.035,0.615,0.215,false
unemployment_rate,idn.13.1303,2020,7,2,idn.13.1308|idn.13.1307,3.03|4.61,1.14527918398|1.79858061726,3.82,0.83,0,false
unemployment_rate,idn.13.1303,2021,5,2,idn.13.1308|idn.13.1304,2.25|3.57,0.771813674135|1.53351415089,2.91,1.76,0,false
unemployment_rate,idn.13.1303,2021,7,2,idn.13.1308|idn.13.1304,2.25|3.57,0.771813674135|1.53351415089,2.91,1.76,0,false
unemployment_rate,idn.13.1303,2022,5,2,idn.13.1310|idn.13.1308,3.71|3.72,1.41903240185|1.05107309707,3.715,2.175,0,false
unemployment_rate,idn.13.1303,2022,7,2,idn.13.1310|idn.13.1308,3.71|3.72,1.41903240185|1.05107309707,3.715,2.175,0,false
unemployment_rate,idn.13.1303,2023,5,2,idn.13.1310|idn.13.1308,2.57|3.95,1.56783971659|0.940337601534,3.26,1.73,0,false
unemployment_rate,idn.13.1303,2023,7,2,idn.13.1310|idn.13.1308,2.57|3.95,1.56783971659|0.940337601534,3.26,1.73,0,false
unemployment_rate,idn.13.1303,2024,5,2,idn.13.1310|idn.13.1308,2.3|3.68,1.39566979972|1.31018244409,2.99,1.92,0,false
unemployment_rate,idn.13.1303,2024,7,2,idn.13.1310|idn.13.1308,2.3|3.68,1.39566979972|1.31018244409,2.99,1.92,0,false
unemployment_rate,idn.13.1304,2019,5,2,idn.13.1308|idn.13.1303,2.3|4.72,1.92946712999|1.84759622412,3.51,0.13,0,false
unemployment_rate,idn.13.1304,2019,7,2,idn.13.1308|idn.13.1303,2.3|4.72,1.92946712999|1.84759622412,3.51,0.13,0,false
unemployment_rate,idn.13.1304,2020,5,2,idn.13.1308|idn.13.1303,3.03|4.65,1.69040801803|2.04491956717,3.84,1.46,0,false
unemployment_rate,idn.13.1304,2020,7,2,idn.13.1308|idn.13.1303,3.03|4.65,1.69040801803|2.04491956717,3.84,1.46,0,false
unemployment_rate,idn.13.1304,2021,5,2,idn.13.1308|idn.13.1303,2.25|4.67,1.43168934995|1.53163016119,3.46,0.11,0,false
unemployment_rate,idn.13.1304,2021,7,2,idn.13.1308|idn.13.1303,2.25|4.67,1.43168934995|1.53163016119,3.46,0.11,0,false
unemployment_rate,idn.13.1304,2022,5,2,idn.13.1310|idn.13.1308,3.71|3.72,0.800554330228|1.47212429985,3.715,1.155,0,false
unemployment_rate,idn.13.1304,2022,7,2,idn.13.1310|idn.13.1308,3.71|3.72,0.800554330228|1.47212429985,3.715,1.155,0,false
unemployment_rate,idn.13.1304,2023,5,2,idn.13.1310|idn.13.1308,2.57|3.95,2.21287856904|2.01690278837,3.26,1.45,0,false
unemployment_rate,idn.13.1304,2023,7,2,idn.13.1310|idn.13.1308,2.57|3.95,2.21287856904|2.01690278837,3.26,1.45,0,false
unemployment_rate,idn.13.1304,2024,5,2,idn.13.1310|idn.13.1308,2.3|3.68,2.07791889594|2.08529143529,2.99,1.74,0,false
unemployment_rate,idn.13.1304,2024,7,2,idn.13.1310|idn.13.1308,2.3|3.68,2.07791889594|2.08529143529,2.99,1.74,0,false
unemployment_rate,idn.13.1305,2019,5,2,idn.13.1303|idn.13.1312,4.72|4.74,1.81267885142|1.60845503558,4.73,-1.53,0,false
unemployment_rate,idn.13.1305,2019,7,2,idn.13.1303|idn.13.1312,4.72|4.74,1.81267885142|1.60845503558,4.73,-1.53,0,false
unemployment_rate,idn.13.1305,2020,5,2,idn.13.1307|idn.13.1312,4.61|4.69,0.863599378633|1.82704361942,4.65,0.14,0,false
unemployment_rate,idn.13.1305,2020,7,2,idn.13.1307|idn.13.1303,4.61|4.65,0.863599378633|2.11973502107,4.63,0.16,-0.02,false
unemployment_rate,idn.13.1305,2021,5,2,idn.13.1308|idn.13.1312,2.25|5.02,1.93063129793|1.42591514466,3.635,0.995,0,false
unemployment_rate,idn.13.1305,2021,7,2,idn.13.1308|idn.13.1311,2.25|5,1.93063129793|2.13553685915,3.625,1.005,-0.01,false
unemployment_rate,idn.13.1305,2022,5,2,idn.13.1302|idn.13.1307,4.61|4.93,1.60702741699|0.638599034642,4.77,1.14,0.605,false
unemployment_rate,idn.13.1305,2022,7,2,idn.13.1308|idn.13.1302,3.72|4.61,2.13524555726|1.60702741699,4.165,1.745,0,false
unemployment_rate,idn.13.1305,2023,5,2,idn.13.1308|idn.13.1302,3.95|4.75,1.8283218005|1.65164697094,4.35,1,0,false
unemployment_rate,idn.13.1305,2023,7,2,idn.13.1308|idn.13.1302,3.95|4.75,1.8283218005|1.65164697094,4.35,1,0,false
unemployment_rate,idn.13.1305,2024,5,2,idn.13.1308|idn.13.1307,3.68|4.73,1.76600972349|0.633873763361,4.205,1.095,0,false
unemployment_rate,idn.13.1305,2024,7,2,idn.13.1308|idn.13.1307,3.68|4.73,1.76600972349|0.633873763361,4.205,1.095,0,false
unemployment_rate,idn.13.1306,2019,5,2,idn.13.1305|idn.13.1303,3.2|4.72,1.81573418434|2.02852820129,3.96,2.12,0,false
unemployment_rate,idn.13.1306,2019,7,2,idn.13.1305|idn.13.1303,3.2|4.72,1.81573418434|2.02852820129,3.96,2.12,0,false
unemployment_rate,idn.13.1306,2020,5,2,idn.13.1307|idn.13.1312,4.61|4.69,1.76781939546|1.97827217411,4.65,3.48,0,false
unemployment_rate,idn.13.1306,2020,7,2,idn.13.1307|idn.13.1303,4.61|4.65,1.76781939546|2.49347870182,4.63,3.5,-0.02,false
unemployment_rate,idn.13.1306,2021,5,2,idn.13.1305|idn.13.1312,4.63|5.02,1.16013484116|1.33907001743,4.825,3.585,1.385,false
unemployment_rate,idn.13.1306,2021,7,2,idn.13.1308|idn.13.1305,2.25|4.63,2.1916603915|1.16013484116,3.44,4.97,0,false
unemployment_rate,idn.13.1306,2022,5,2,idn.13.1302|idn.13.1307,4.61|4.93,1.96405643217|1.32655167407,4.77,1.83,0.605,false
unemployment_rate,idn.13.1306,2022,7,2,idn.13.1308|idn.13.1302,3.72|4.61,2.38971331706|1.96405643217,4.165,2.435,0,false
unemployment_rate,idn.13.1306,2023,5,2,idn.13.1308|idn.13.1302,3.95|4.75,1.8234606287|1.95183132391,4.35,2.34,0,false
unemployment_rate,idn.13.1306,2023,7,2,idn.13.1308|idn.13.1302,3.95|4.75,1.8234606287|1.95183132391,4.35,2.34,0,false
unemployment_rate,idn.13.1306,2024,5,2,idn.13.1308|idn.13.1307,3.68|4.73,2.41734757005|1.28432202448,4.205,2.385,0,false
unemployment_rate,idn.13.1306,2024,7,2,idn.13.1308|idn.13.1307,3.68|4.73,2.41734757005|1.28432202448,4.205,2.385,0,false
unemployment_rate,idn.13.1307,2019,5,2,idn.13.1305|idn.13.1303,3.2|4.72,0.284936361221|1.72586725336,3.96,0.82,0,false
unemployment_rate,idn.13.1307,2019,7,2,idn.13.1305|idn.13.1303,3.2|4.72,0.284936361221|1.72586725336,3.96,0.82,0,false
unemployment_rate,idn.13.1307,2020,5,2,idn.13.1312|idn.13.1305,4.69|4.79,1.65550298704|0.844753400092,4.74,-0.13,0,false
unemployment_rate,idn.13.1307,2020,7,2,idn.13.1308|idn.13.1312,3.03|4.69,1.76823777423|1.65550298704,3.86,0.75,-0.88,false
unemployment_rate,idn.13.1307,2021,5,2,idn.13.1308|idn.13.1305,2.25|4.63,1.69065140801|0.407160970773,3.44,1.62,0,false
unemployment_rate,idn.13.1307,2021,7,2,idn.13.1308|idn.13.1305,2.25|4.63,1.69065140801|0.407160970773,3.44,1.62,0,false
unemployment_rate,idn.13.1307,2022,5,2,idn.13.1302|idn.13.1373,4.61|5,1.20937227557|1.76188108643,4.805,0.125,0.64,false
unemployment_rate,idn.13.1307,2022,7,2,idn.13.1308|idn.13.1302,3.72|4.61,1.79641673116|1.20937227557,4.165,0.765,0,false
unemployment_rate,idn.13.1307,2023,5,2,idn.13.1308|idn.13.1303,3.95|4.99,1.33274806943|1.89242118517,4.47,0.49,0.12,false
unemployment_rate,idn.13.1307,2023,7,2,idn.13.1308|idn.13.1302,3.95|4.75,1.33274806943|1.89844210149,4.35,0.61,0,false
unemployment_rate,idn.13.1307,2024,5,2,idn.13.1308|idn.13.1302,3.68|5.06,1.66135534749|1.72572004711,4.37,0.36,0,false
unemployment_rate,idn.13.1307,2024,7,2,idn.13.1308|idn.13.1302,3.68|5.06,1.66135534749|1.72572004711,4.37,0.36,0,false
unemployment_rate,idn.13.1308,2019,5,2,idn.13.1304|idn.13.1303,3.64|4.72,1.94899388883|1.95329008956,4.18,-1.88,0,false
unemployment_rate,idn.13.1308,2019,7,2,idn.13.1305|idn.13.1304,3.2|3.64,2.30857347395|1.94899388883,3.42,-1.12,-0.76,false
unemployment_rate,idn.13.1308,2020,5,2,idn.13.1303|idn.13.1309,4.65|5.04,1.15798438752|1.33932946642,4.845,-1.815,0,false
unemployment_rate,idn.13.1308,2020,7,2,idn.13.1307|idn.13.1303,4.61|4.65,1.7685484164|1.15798438752,4.63,-1.6,-0.215,false
unemployment_rate,idn.13.1308,2021,5,2,idn.13.1304|idn.13.1303,3.57|4.67,1.38109601909|0.761090072786,4.12,-1.87,0,false
unemployment_rate,idn.13.1308,2021,7,2,idn.13.1304|idn.13.1305,3.57|4.63,1.38109601909|1.90317407133,4.1,-1.85,-0.02,false
unemployment_rate,idn.13.1308,2022,5,2,idn.13.1310|idn.13.1302,3.71|4.61,0.817269563906|1.21819433581,4.16,-0.44,0,false
unemployment_rate,idn.13.1308,2022,7,2,idn.13.1310|idn.13.1302,3.71|4.61,0.817269563906|1.21819433581,4.16,-0.44,0,false
unemployment_rate,idn.13.1308,2023,5,2,idn.13.1310|idn.13.1307,2.57|4.96,1.17971767315|1.31946181922,3.765,0.185,0,false
unemployment_rate,idn.13.1308,2023,7,2,idn.13.1310|idn.13.1307,2.57|4.96,1.17971767315|1.31946181922,3.765,0.185,0,false
unemployment_rate,idn.13.1308,2024,5,2,idn.13.1310|idn.13.1307,2.3|4.73,1.48037980351|1.64629242867,3.515,0.165,0,false
unemployment_rate,idn.13.1308,2024,7,2,idn.13.1310|idn.13.1307,2.3|4.73,1.48037980351|1.64629242867,3.515,0.165,0,false
unemployment_rate,idn.13.1309,2019,5,2,idn.13.1308|idn.13.1304,2.3|3.64,2.20411815589|1.52799098632,2.97,2.31,0,false
unemployment_rate,idn.13.1309,2019,7,2,idn.13.1308|idn.13.1304,2.3|3.64,2.20411815589|1.52799098632,2.97,2.31,0,false
unemployment_rate,idn.13.1309,2020,5,2,idn.13.1308|idn.13.1303,3.03|4.65,1.3944815464|1.17457123002,3.84,1.2,0,false
unemployment_rate,idn.13.1309,2020,7,2,idn.13.1308|idn.13.1307,3.03|4.61,1.3944815464|2.47853816018,3.82,1.22,-0.02,false
unemployment_rate,idn.13.1309,2021,5,2,idn.13.1308|idn.13.1304,2.25|3.57,1.32363525454|1.73052715095,2.91,2.01,0,false
unemployment_rate,idn.13.1309,2021,7,2,idn.13.1308|idn.13.1304,2.25|3.57,1.32363525454|1.73052715095,2.91,2.01,0,false
unemployment_rate,idn.13.1309,2022,5,2,idn.13.1310|idn.13.1308,3.71|3.72,1.61703023622|1.40155518567,3.715,1.665,0,false
unemployment_rate,idn.13.1309,2022,7,2,idn.13.1310|idn.13.1308,3.71|3.72,1.61703023622|1.40155518567,3.715,1.665,0,false
unemployment_rate,idn.13.1309,2023,5,2,idn.13.1310|idn.13.1308,2.57|3.95,1.70530605964|1.37775493062,3.26,1.83,0,false
unemployment_rate,idn.13.1309,2023,7,2,idn.13.1310|idn.13.1308,2.57|3.95,1.70530605964|1.37775493062,3.26,1.83,0,false
unemployment_rate,idn.13.1309,2024,5,2,idn.13.1310|idn.13.1308,2.3|3.68,1.77529762286|1.4069146539,2.99,2.26,0,false
unemployment_rate,idn.13.1309,2024,7,2,idn.13.1310|idn.13.1308,2.3|3.68,1.77529762286|1.4069146539,2.99,2.26,0,false
unemployment_rate,idn.13.1310,2019,5,2,idn.13.1308|idn.13.1304,2.3|3.64,0.789547031149|2.33460598771,2.97,1.94,0,false
unemployment_rate,idn.13.1310,2019,7,2,idn.13.1308|idn.13.1301,2.3|2.92,0.789547031149|2.81378792109,2.61,2.3,-0.36,false
unemployment_rate,idn.13.1310,2020,5,2,idn.13.1308|idn.13.1303,3.03|4.65,0.732977547603|0.998919838372,3.84,1.78,0,false
unemployment_rate,idn.13.1310,2020,7,2,idn.13.1308|idn.13.1307,3.03|4.61,0.732977547603|2.10780981874,3.82,1.8,-0.02,false
unemployment_rate,idn.13.1310,2021,5,2,idn.13.1308|idn.13.1304,2.25|3.57,1.19563791448|0.834723252684,2.91,1.93,0,false
unemployment_rate,idn.13.1310,2021,7,2,idn.13.1308|idn.13.1304,2.25|3.57,1.19563791448|0.834723252684,2.91,1.93,0,false
unemployment_rate,idn.13.1310,2022,5,2,idn.13.1308|idn.13.1304,3.72|4.87,0.829151696797|0.789549226127,4.295,-0.585,0.13,false
unemployment_rate,idn.13.1310,2022,7,2,idn.13.1308|idn.13.1302,3.72|4.61,0.829151696797|1.78335526022,4.165,-0.455,0,false
unemployment_rate,idn.13.1310,2023,5,2,idn.13.1308|idn.13.1307,3.95|4.96,1.22446030179|2.30099108122,4.455,-1.885,0.125,false
unemployment_rate,idn.13.1310,2023,7,2,idn.13.1301|idn.13.1308,1.33|3.95,2.39791669525|1.22446030179,2.64,-0.07,-1.69,false
unemployment_rate,idn.13.1310,2024,5,2,idn.13.1308|idn.13.1304,3.68|4.73,1.53031324761|2.17393591565,4.205,-1.905,0,false
unemployment_rate,idn.13.1310,2024,7,2,idn.13.1301|idn.13.1308,1.44|3.68,2.58337094262|1.53031324761,2.56,-0.26,-1.645,false
unemployment_rate,idn.13.1311,2019,5,2,idn.13.1308|idn.13.1304,2.3|3.64,1.44698523544|0.987034447594,2.97,2.09,0,false
unemployment_rate,idn.13.1311,2019,7,2,idn.13.1308|idn.13.1304,2.3|3.64,1.44698523544|0.987034447594,2.97,2.09,0,false
unemployment_rate,idn.13.1311,2020,5,2,idn.13.1308|idn.13.1303,3.03|4.65,1.03159493753|0.714140040708,3.84,1.47,0,false
unemployment_rate,idn.13.1311,2020,7,2,idn.13.1308|idn.13.1307,3.03|4.61,1.03159493753|1.61594756779,3.82,1.49,-0.02,false
unemployment_rate,idn.13.1311,2021,5,2,idn.13.1308|idn.13.1304,2.25|3.57,0.66790849324|1.10208551758,2.91,2.09,0,false
unemployment_rate,idn.13.1311,2021,7,2,idn.13.1308|idn.13.1304,2.25|3.57,0.66790849324|1.10208551758,2.91,2.09,0,false
unemployment_rate,idn.13.1311,2022,5,2,idn.13.1310|idn.13.1308,3.71|3.72,0.994089633762|0.85392458163,3.715,2.515,0,false
unemployment_rate,idn.13.1311,2022,7,2,idn.13.1310|idn.13.1308,3.71|3.72,0.994089633762|0.85392458163,3.715,2.515,0,false
unemployment_rate,idn.13.1311,2023,5,2,idn.13.1310|idn.13.1308,2.57|3.95,1.53553096994|0.871285332077,3.26,2.96,0,false
unemployment_rate,idn.13.1311,2023,7,2,idn.13.1310|idn.13.1308,2.57|3.95,1.53553096994|0.871285332077,3.26,2.96,0,false
unemployment_rate,idn.13.1311,2024,5,2,idn.13.1310|idn.13.1308,2.3|3.68,0.862650001202|0.798757643878,2.99,3.03,0,false
unemployment_rate,idn.13.1311,2024,7,2,idn.13.1310|idn.13.1308,2.3|3.68,0.862650001202|0.798757643878,2.99,3.03,0,false
unemployment_rate,idn.13.1312,2019,5,2,idn.13.1305|idn.13.1303,3.2|4.72,1.71351713105|3.18462834629,3.96,0.78,0,false
unemployment_rate,idn.13.1312,2019,7,2,idn.13.1305|idn.13.1303,3.2|4.72,1.71351713105|3.18462834629,3.96,0.78,0,false
unemployment_rate,idn.13.1312,2020,5,2,idn.13.1307|idn.13.1305,4.61|4.79,1.74456078654|1.85974506401,4.7,-0.01,0.88,false
unemployment_rate,idn.13.1312,2020,7,2,idn.13.1308|idn.13.1307,3.03|4.61,3.00145874467|1.74456078654,3.82,0.87,0,false
unemployment_rate,idn.13.1312,2021,5,2,idn.13.1308|idn.13.1305,2.25|4.63,2.7344146096|1.47985821795,3.44,1.58,0,false
unemployment_rate,idn.13.1312,2021,7,2,idn.13.1308|idn.13.1305,2.25|4.63,2.7344146096|1.47985821795,3.44,1.58,0,false
unemployment_rate,idn.13.1312,2022,5,2,idn.13.1308|idn.13.1302,3.72|4.61,2.67915320922|2.30793143383,4.165,2.165,0,false
unemployment_rate,idn.13.1312,2022,7,2,idn.13.1308|idn.13.1302,3.72|4.61,2.67915320922|2.30793143383,4.165,2.165,0,false
unemployment_rate,idn.13.1312,2023,5,2,idn.13.1302|idn.13.1307,4.75|4.96,2.53653473487|2.58009240373,4.855,1.155,0,false
unemployment_rate,idn.13.1312,2023,7,2,idn.13.1302|idn.13.1307,4.75|4.96,2.53653473487|2.58009240373,4.855,1.155,0,false
unemployment_rate,idn.13.1312,2024,5,2,idn.13.1308|idn.13.1307,3.68|4.73,2.92106908676|1.49302523442,4.205,2.135,0,false
unemployment_rate,idn.13.1312,2024,7,2,idn.13.1308|idn.13.1307,3.68|4.73,2.92106908676|1.49302523442,4.205,2.135,0,false
unemployment_rate,idn.13.1371,2019,5,2,idn.13.1374|idn.13.1307,4.38|4.78,1.59407749392|3.3776845009,4.58,4.16,0,false
unemployment_rate,idn.13.1371,2019,7,2,idn.13.1305|idn.13.1374,3.2|4.38,3.55707671658|1.59407749392,3.79,4.95,-0.79,false
unemployment_rate,idn.13.1371,2020,5,2,idn.13.1377|idn.13.1374,5.73|7.22,2.72918258981|2.0664053516,6.475,7.165,0.27,false
unemployment_rate,idn.13.1371,2020,7,2,idn.13.1377|idn.13.1376,5.73|6.68,2.72918258981|2.89201901052,6.205,7.435,0,false
unemployment_rate,idn.13.1371,2021,5,2,idn.13.1374|idn.13.1377,4.9|6.09,2.25842217666|2.01419645131,5.495,7.875,0,false
unemployment_rate,idn.13.1371,2021,7,2,idn.13.1374|idn.13.1307,4.9|5.06,2.25842217666|3.1602668446,4.98,8.39,-0.515,false
unemployment_rate,idn.13.1371,2022,5,2,idn.13.1372|idn.13.1374,3.9|4.84,2.57502850869|1.72540422027,4.37,7.32,0,false
unemployment_rate,idn.13.1371,2022,7,2,idn.13.1372|idn.13.1374,3.9|4.84,2.57502850869|1.72540422027,4.37,7.32,0,false
unemployment_rate,idn.13.1371,2023,5,2,idn.13.1376|idn.13.1373,4.84|4.98,2.727001495|2.35032474356,4.91,5.95,0.63,false
unemployment_rate,idn.13.1371,2023,7,2,idn.13.1372|idn.13.1376,3.72|4.84,3.01881793791|2.727001495,4.28,6.58,0,false
unemployment_rate,idn.13.1371,2024,5,2,idn.13.1375|idn.13.1376,4.72|4.87,2.35642104782|2.37085271602,4.795,5.085,0.07,false
unemployment_rate,idn.13.1371,2024,7,2,idn.13.1372|idn.13.1375,3.62|4.72,2.55116525105|2.35642104782,4.17,5.71,-0.555,false
unemployment_rate,idn.13.1372,2019,5,2,idn.13.1376|idn.13.1374,4.13|4.38,2.09350539218|1.67110303838,4.255,2.805,0,false
unemployment_rate,idn.13.1372,2019,7,2,idn.13.1376|idn.13.1374,4.13|4.38,2.09350539218|1.67110303838,4.255,2.805,0,false
unemployment_rate,idn.13.1372,2020,5,2,idn.13.1377|idn.13.1376,5.73|6.68,2.06845143693|2.03091148605,6.205,2.145,0,false
unemployment_rate,idn.13.1372,2020,7,2,idn.13.1377|idn.13.1376,5.73|6.68,2.06845143693|2.03091148605,6.205,2.145,0,false
unemployment_rate,idn.13.1372,2021,5,2,idn.13.1374|idn.13.1307,4.9|5.06,1.8058478694|3.34062605121,4.98,0.17,0.215,false
unemployment_rate,idn.13.1372,2021,7,2,idn.13.1305|idn.13.1374,4.63|4.9,3.46821146942|1.8058478694,4.765,0.385,0,false
unemployment_rate,idn.13.1372,2022,5,2,idn.13.1374|idn.13.1375,4.84|4.9,1.39177860305|1.23024691112,4.87,-0.97,0,false
unemployment_rate,idn.13.1372,2022,7,2,idn.13.1374|idn.13.1375,4.84|4.9,1.39177860305|1.23024691112,4.87,-0.97,0,false
unemployment_rate,idn.13.1372,2023,5,2,idn.13.1376|idn.13.1373,4.84|4.98,1.04988505192|2.17972740725,4.91,-1.19,0,false
unemployment_rate,idn.13.1372,2023,7,2,idn.13.1376|idn.13.1373,4.84|4.98,1.04988505192|2.17972740725,4.91,-1.19,0,false
unemployment_rate,idn.13.1372,2024,5,2,idn.13.1375|idn.13.1376,4.72|4.87,0.440244108203|1.30086552239,4.795,-1.175,0,false
unemployment_rate,idn.13.1372,2024,7,2,idn.13.1375|idn.13.1376,4.72|4.87,0.440244108203|1.30086552239,4.795,-1.175,0,false
unemployment_rate,idn.13.1373,2019,5,2,idn.13.1305|idn.13.1376,3.2|4.13,2.26973768343|2.25217145703,3.665,3.175,0.915,false
unemployment_rate,idn.13.1373,2019,7,2,idn.13.1308|idn.13.1305,2.3|3.2,2.74570704034|2.26973768343,2.75,4.09,0,false
unemployment_rate,idn.13.1373,2020,5,2,idn.13.1307|idn.13.1377,4.61|5.73,1.69125579347|1.77712516914,5.17,3.03,0.47,false
unemployment_rate,idn.13.1373,2020,7,2,idn.13.1307|idn.13.1305,4.61|4.79,1.69125579347|2.05564257991,4.7,3.5,0,false
unemployment_rate,idn.13.1373,2021,5,2,idn.13.1374|idn.13.1307,4.9|5.06,2.09745594279|2.00481960165,4.98,1.4,0.215,false
unemployment_rate,idn.13.1373,2021,7,2,idn.13.1305|idn.13.1374,4.63|4.9,2.15583151826|2.09745594279,4.765,1.615,0,false
unemployment_rate,idn.13.1373,2022,5,2,idn.13.1374|idn.13.1307,4.84|4.93,1.62179093731|1.79911224854,4.885,0.115,0,false
unemployment_rate,idn.13.1373,2022,7,2,idn.13.1372|idn.13.1374,3.9|4.84,2.25782566062|1.62179093731,4.37,0.63,-0.515,false
unemployment_rate,idn.13.1373,2023,5,2,idn.13.1376|idn.13.1305,4.84|5.35,2.03137014619|1.85323048507,5.095,-0.115,0.195,false
unemployment_rate,idn.13.1373,2023,7,2,idn.13.1372|idn.13.1376,3.72|4.84,2.20809617286|2.03137014619,4.28,0.7,-0.62,false
unemployment_rate,idn.13.1373,2024,5,2,idn.13.1375|idn.13.1374,4.72|4.94,2.14608524596|1.65077328277,4.83,0.72,0.66,false
unemployment_rate,idn.13.1373,2024,7,2,idn.13.1372|idn.13.1375,3.62|4.72,2.28225064942|2.14608524596,4.17,1.38,0,false
unemployment_rate,idn.13.1374,2019,5,2,idn.13.1376|idn.13.1377,4.13|5.48,2.01971386608|1.40242954615,4.805,-0.425,0,false
unemployment_rate,idn.13.1374,2019,7,2,idn.13.1376|idn.13.1307,4.13|4.78,2.01971386608|2.84986803484,4.455,-0.075,-0.35,false
unemployment_rate,idn.13.1374,2020,5,2,idn.13.1377|idn.13.1376,5.73|6.68,1.3237661766|1.66541096416,6.205,1.015,0,false
unemployment_rate,idn.13.1374,2020,7,2,idn.13.1307|idn.13.1377,4.61|5.73,2.71963835513|1.3237661766,5.17,2.05,-1.035,false
unemployment_rate,idn.13.1374,2021,5,2,idn.13.1372|idn.13.1375,5.15|6.09,1.75299668671|1.10576743041,5.62,-0.72,0,false
unemployment_rate,idn.13.1374,2021,7,2,idn.13.1307|idn.13.1372,5.06|5.15,2.70224834577|1.75299668671,5.105,-0.205,-0.515,false
unemployment_rate,idn.13.1374,2022,5,2,idn.13.1372|idn.13.1375,3.9|4.9,1.38310832018|1.3081513172,4.4,0.44,0,false
unemployment_rate,idn.13.1374,2022,7,2,idn.13.1372|idn.13.1375,3.9|4.9,1.38310832018|1.3081513172,4.4,0.44,0,false
unemployment_rate,idn.13.1374,2023,5,2,idn.13.1372|idn.13.1373,3.72|4.98,1.89034476026|2.20125526714,4.35,1.14,0.07,false
unemployment_rate,idn.13.1374,2023,7,2,idn.13.1372|idn.13.1376,3.72|4.84,1.89034476026|2.45406899697,4.28,1.21,0,false
unemployment_rate,idn.13.1374,2024,5,2,idn.13.1372|idn.13.1375,3.62|4.72,1.71698266426|1.5320893735,4.17,0.77,0,false
unemployment_rate,idn.13.1374,2024,7,2,idn.13.1372|idn.13.1375,3.62|4.72,1.71698266426|1.5320893735,4.17,0.77,0,false
unemployment_rate,idn.13.1375,2019,5,2,idn.13.1376|idn.13.1374,4.13|4.38,2.13154770753|2.42638615912,4.255,1.945,0,false
unemployment_rate,idn.13.1375,2019,7,2,idn.13.1305|idn.13.1376,3.2|4.13,3.39836546899|2.13154770753,3.665,2.535,-0.59,false
unemployment_rate,idn.13.1375,2020,5,2,idn.13.1377|idn.13.1376,5.73|6.68,2.08014768066|2.70040810827,6.205,1.305,0,false
unemployment_rate,idn.13.1375,2020,7,2,idn.13.1305|idn.13.1377,4.79|5.73,3.68991342592|2.08014768066,5.26,2.25,-0.945,false
unemployment_rate,idn.13.1375,2021,5,2,idn.13.1374|idn.13.1372,4.9|5.15,1.11362523179|1.00073012792,5.025,1.065,0,false
unemployment_rate,idn.13.1375,2021,7,2,idn.13.1374|idn.13.1307,4.9|5.06,1.11362523179|3.17298482761,4.98,1.11,-0.045,false
unemployment_rate,idn.13.1375,2022,5,2,idn.13.1372|idn.13.1374,3.9|4.84,1.36470925057|1.34803570788,4.37,0.53,0,false
unemployment_rate,idn.13.1375,2022,7,2,idn.13.1372|idn.13.1374,3.9|4.84,1.36470925057|1.34803570788,4.37,0.53,0,false
unemployment_rate,idn.13.1375,2023,5,2,idn.13.1372|idn.13.1376,3.72|4.84,1.22491673932|1.81871408309,4.28,0.71,0,false
unemployment_rate,idn.13.1375,2023,7,2,idn.13.1372|idn.13.1302,3.72|4.75,1.22491673932|3.702293267,4.235,0.755,-0.045,false
unemployment_rate,idn.13.1375,2024,5,2,idn.13.1372|idn.13.1376,3.62|4.87,0.444531561003|1.41610477518,4.245,0.475,0,false
unemployment_rate,idn.13.1375,2024,7,2,idn.13.1372|idn.13.1376,3.62|4.87,0.444531561003|1.41610477518,4.245,0.475,0,false
unemployment_rate,idn.13.1376,2019,5,2,idn.13.1374|idn.13.1377,4.38|5.48,2.00623259325|1.59773384807,4.93,-0.8,0.21,false
unemployment_rate,idn.13.1376,2019,7,2,idn.13.1308|idn.13.1374,2.3|4.38,2.7159075072|2.00623259325,3.34,0.79,-1.38,false
unemployment_rate,idn.13.1376,2020,5,2,idn.13.1311|idn.13.1377,5.31|5.73,2.22639412389|1.63885557519,5.52,1.16,0,false
unemployment_rate,idn.13.1376,2020,7,2,idn.13.1311|idn.13.1310,5.31|5.62,2.22639412389|2.57466842909,5.465,1.215,-0.055,false
unemployment_rate,idn.13.1376,2021,5,2,idn.13.1374|idn.13.1372,4.9|5.15,1.59649043097|1.82998033742,5.025,1.445,0.075,false
unemployment_rate,idn.13.1376,2021,7,2,idn.13.1374|idn.13.1311,4.9|5,1.59649043097|2.39480585379,4.95,1.52,0,false
unemployment_rate,idn.13.1376,2022,5,2,idn.13.1372|idn.13.1374,3.9|4.84,1.52087336108|2.21529444285,4.37,0.79,0,false
unemployment_rate,idn.13.1376,2022,7,2,idn.13.1310|idn.13.1372,3.71|3.9,2.5571246873|1.52087336108,3.805,1.355,-0.565,false
unemployment_rate,idn.13.1376,2023,5,2,idn.13.1372|idn.13.1373,3.72|4.98,1.01054371754|1.97745467894,4.35,0.49,0,false
unemployment_rate,idn.13.1376,2023,7,2,idn.13.1372|idn.13.1373,3.72|4.98,1.01054371754|1.97745467894,4.35,0.49,0,false
unemployment_rate,idn.13.1376,2024,5,2,idn.13.1372|idn.13.1375,3.62|4.72,1.24703074553|1.35271567618,4.17,0.7,0,false
unemployment_rate,idn.13.1376,2024,7,2,idn.13.1372|idn.13.1375,3.62|4.72,1.24703074553|1.35271567618,4.17,0.7,0,false
unemployment_rate,idn.13.1377,2019,5,2,idn.13.1305|idn.13.1376,3.2|4.13,1.97891826326|1.57719454368,3.665,1.815,0,false
unemployment_rate,idn.13.1377,2019,7,2,idn.13.1305|idn.13.1376,3.2|4.13,1.97891826326|1.57719454368,3.665,1.815,0,false
unemployment_rate,idn.13.1377,2020,5,2,idn.13.1307|idn.13.1305,4.61|4.79,1.81006791417|1.91323659913,4.7,1.03,0,false
unemployment_rate,idn.13.1377,2020,7,2,idn.13.1307|idn.13.1305,4.61|4.79,1.81006791417|1.91323659913,4.7,1.03,0,false
unemployment_rate,idn.13.1377,2021,5,2,idn.13.1374|idn.13.1372,4.9|5.15,2.13520378628|2.24514017447,5.025,1.065,0,false
unemployment_rate,idn.13.1377,2021,7,2,idn.13.1374|idn.13.1307,4.9|5.06,2.13520378628|2.28498709073,4.98,1.11,-0.045,false
unemployment_rate,idn.13.1377,2022,5,2,idn.13.1372|idn.13.1374,3.9|4.84,1.93123853575|2.15868058801,4.37,0.82,0.115,false
unemployment_rate,idn.13.1377,2022,7,2,idn.13.1372|idn.13.1302,3.9|4.61,1.93123853575|2.30309935734,4.255,0.935,0,false
unemployment_rate,idn.13.1377,2023,5,2,idn.13.1372|idn.13.1376,3.72|4.84,1.77596804438|1.17458236786,4.28,1.4,0,false
unemployment_rate,idn.13.1377,2023,7,2,idn.13.1372|idn.13.1376,3.72|4.84,1.77596804438|1.17458236786,4.28,1.4,0,false
unemployment_rate,idn.13.1377,2024,5,2,idn.13.1372|idn.13.1307,3.62|4.73,1.94959113503|1.7596462987,4.175,1.145,0,false
unemployment_rate,idn.13.1377,2024,7,2,idn.13.1372|idn.13.1375,3.62|4.72,1.94959113503|2.0563884643,4.17,1.15,-0.005,false
real_grdp_growth,idn.13.1301,2019,5,2,idn.13.1308|idn.13.1311,5.06|4.94,4.15312336896|4.68566959644,5,0.27,-0.05,false
real_grdp_growth,idn.13.1301,2019,7,2,idn.13.1376|idn.13.1308,5.89|5.06,6.12172635424|4.15312336896,5.475,0.745,0.425,false
real_grdp_growth,idn.13.1301,2020,5,2,idn.13.1309|idn.13.1304,-0.87|-1.1,4.70179825861|4.5015911259,-0.985,0.865,0,false
real_grdp_growth,idn.13.1301,2020,7,2,idn.13.1309|idn.13.1304,-0.87|-1.1,4.70179825861|4.5015911259,-0.985,0.865,0,false
real_grdp_growth,idn.13.1301,2021,5,2,idn.13.1309|idn.13.1308,3.35|3.33,4.14251012428|4.36507132098,3.34,0.47,-0.035,false
real_grdp_growth,idn.13.1301,2021,7,2,idn.13.1307|idn.13.1311,3.7|3.4,6.19057775699|4.54196168379,3.55,0.68,0.175,false
real_grdp_growth,idn.13.1301,2022,5,2,idn.13.1311|idn.13.1309,4.27|4.08,4.95134272945|5.34244424789,4.175,-0.765,-0.1,false
real_grdp_growth,idn.13.1301,2022,7,2,idn.13.1376|idn.13.1303,4.51|4.28,6.44186855695|5.4821658332,4.395,-0.545,0.12,false
real_grdp_growth,idn.13.1301,2023,5,2,idn.13.1310|idn.13.1308,4.57|4.55,2.85878082215|3.54129835469,4.56,0.52,0,false
real_grdp_growth,idn.13.1301,2023,7,2,idn.13.1310|idn.13.1308,4.57|4.55,2.85878082215|3.54129835469,4.56,0.52,0,false
real_grdp_growth,idn.13.1301,2024,5,2,idn.13.1310|idn.13.1309,4.09|3.95,3.0306375983|3.60936878238,4.02,0.05,-0.04,false
real_grdp_growth,idn.13.1301,2024,7,2,idn.13.1377|idn.13.1310,4.51|4.09,5.42460360314|3.0306375983,4.3,0.33,0.24,false
real_grdp_growth,idn.13.1302,2019,5,2,idn.13.1303|idn.13.1305,5.04|4.99,0.922705167676|1.37860562432,5.015,0.235,0,false
real_grdp_growth,idn.13.1302,2019,7,2,idn.13.1377|idn.13.1303,5.3|5.04,2.00407850519|0.922705167676,5.17,0.39,0.155,false
real_grdp_growth,idn.13.1302,2020,5,2,idn.13.1309|idn.13.1303,-0.87|-1.14,1.41669723086|0.792027723476,-1.005,0.105,-0.01,false
real_grdp_growth,idn.13.1302,2020,7,2,idn.13.1309|idn.13.1305,-0.87|-1.12,1.41669723086|1.52121420875,-0.995,0.115,0,false
real_grdp_growth,idn.13.1302,2021,5,2,idn.13.1307|idn.13.1377,3.7|3.51,1.8752497844|2.07529499272,3.605,0.255,-0.1,false
real_grdp_growth,idn.13.1302,2021,7,2,idn.13.1312|idn.13.1307,3.71|3.7,2.15979867639|1.8752497844,3.705,0.355,0,false
real_grdp_growth,idn.13.1302,2022,5,2,idn.13.1303|idn.13.1307,4.28|4.21,1.34158512039|1.20320222402,4.245,0.235,-0.03,false
real_grdp_growth,idn.13.1302,2022,7,2,idn.13.1303|idn.13.1311,4.28|4.27,1.34158512039|1.67769870338,4.275,0.265,0,false
real_grdp_growth,idn.13.1302,2023,5,2,idn.13.1306|idn.13.1307,5.46|4.52,1.93668808546|1.8955124205,4.99,0.8,-0.015,false
real_grdp_growth,idn.13.1302,2023,7,2,idn.13.1306|idn.13.1377,5.46|4.79,1.93668808546|2.11998059474,5.125,0.935,0.12,false
real_grdp_growth,idn.13.1302,2024,5,2,idn.13.1306|idn.13.1307,4.57|4.12,1.6618098395|1.74219606121,4.345,0.505,0,false
real_grdp_growth,idn.13.1302,2024,7,2,idn.13.1306|idn.13.1307,4.57|4.12,1.6618098395|1.74219606121,4.345,0.505,0,false
real_grdp_growth,idn.13.1303,2019,5,2,idn.13.1305|idn.13.1311,4.99|4.94,1.79071669948|1.23183877469,4.965,-0.075,0,false
real_grdp_growth,idn.13.1303,2019,7,2,idn.13.1308|idn.13.1305,5.06|4.99,1.89648477688|1.79071669948,5.025,-0.015,0.06,false
real_grdp_growth,idn.13.1303,2020,5,2,idn.13.1309|idn.13.1302,-0.87|-1.11,1.12488477166|0.797254205755,-0.99,0.15,0,false
real_grdp_growth,idn.13.1303,2020,7,2,idn.13.1309|idn.13.1304,-0.87|-1.1,1.12488477166|1.9166965144,-0.985,0.155,0.005,false
real_grdp_growth,idn.13.1303,2021,5,2,idn.13.1311|idn.13.1309,3.4|3.35,0.85677269069|1.03212677215,3.375,0.095,-0.175,false
real_grdp_growth,idn.13.1303,2021,7,2,idn.13.1307|idn.13.1311,3.7|3.4,2.14380358327|0.85677269069,3.55,0.27,0,false
real_grdp_growth,idn.13.1303,2022,5,2,idn.13.1311|idn.13.1309,4.27|4.08,0.881508938313|1.2353824078,4.175,-0.105,0,false
real_grdp_growth,idn.13.1303,2022,7,2,idn.13.1311|idn.13.1307,4.27|4.21,0.881508938313|2.03293693378,4.24,-0.04,0.065,false
real_grdp_growth,idn.13.1303,2023,5,2,idn.13.1310|idn.13.1308,4.57|4.55,1.56783971659|0.940337601534,4.56,0.2,0,false
real_grdp_growth,idn.13.1303,2023,7,2,idn.13.1310|idn.13.1308,4.57|4.55,1.56783971659|0.940337601534,4.56,0.2,0,false
real_grdp_growth,idn.13.1303,2024,5,2,idn.13.1310|idn.13.1308,4.09|4.03,1.39566979972|1.31018244409,4.06,0.15,-0.045,false
real_grdp_growth,idn.13.1303,2024,7,2,idn.13.1307|idn.13.1310,4.12|4.09,2.83868541161|1.39566979972,4.105,0.195,0,false
real_grdp_growth,idn.13.1304,2019,5,2,idn.13.1308|idn.13.1303,5.06|5.04,1.92946712999|1.84759622412,5.05,0.24,0,false
real_grdp_growth,idn.13.1304,2019,7,2,idn.13.1308|idn.13.1303,5.06|5.04,1.92946712999|1.84759622412,5.05,0.24,0,false
real_grdp_growth,idn.13.1304,2020,5,2,idn.13.1309|idn.13.1303,-0.87|-1.14,1.82556647561|2.04491956717,-1.005,0.095,-0.015,false
real_grdp_growth,idn.13.1304,2020,7,2,idn.13.1309|idn.13.1302,-0.87|-1.11,1.82556647561|2.52601567163,-0.99,0.11,0,false
real_grdp_growth,idn.13.1304,2021,5,2,idn.13.1311|idn.13.1309,3.4|3.35,1.12897449204|1.64768712165,3.375,0.235,0,false
real_grdp_growth,idn.13.1304,2021,7,2,idn.13.1376|idn.13.1311,3.58|3.4,2.6990772068|1.12897449204,3.49,0.35,0.115,false
real_grdp_growth,idn.13.1304,2022,5,2,idn.13.1303|idn.13.1311,4.28|4.27,1.93503490785|1.72487876539,4.275,0.345,0,false
real_grdp_growth,idn.13.1304,2022,7,2,idn.13.1376|idn.13.1303,4.51|4.28,2.86449385076|1.93503490785,4.395,0.465,0.12,false
real_grdp_growth,idn.13.1304,2023,5,2,idn.13.1310|idn.13.1308,4.57|4.55,2.21287856904|2.01690278837,4.56,0.3,0,false
real_grdp_growth,idn.13.1304,2023,7,2,idn.13.1377|idn.13.1310,4.79|4.57,2.59647250263|2.21287856904,4.68,0.42,0.12,false
real_grdp_growth,idn.13.1304,2024,5,2,idn.13.1310|idn.13.1308,4.09|4.03,2.07791889594|2.08529143529,4.06,0.17,-0.24,false
real_grdp_growth,idn.13.1304,2024,7,2,idn.13.1377|idn.13.1310,4.51|4.09,2.63997440545|2.07791889594,4.3,0.41,0,false
real_grdp_growth,idn.13.1305,2019,5,2,idn.13.1303|idn.13.1307,5.04|4.78,1.81267885142|0.285959894798,4.91,-0.08,-0.26,false
real_grdp_growth,idn.13.1305,2019,7,2,idn.13.1377|idn.13.1303,5.3|5.04,1.97814558772|1.81267885142,5.17,0.18,0,false
real_grdp_growth,idn.13.1305,2020,5,2,idn.13.1302|idn.13.1377,-1.11|-1.32,1.56414294002|1.9261401153,-1.215,-0.095,-0.025,false
real_grdp_growth,idn.13.1305,2020,7,2,idn.13.1302|idn.13.1303,-1.11|-1.14,1.56414294002|2.11973502107,-1.125,-0.005,0.065,false
real_grdp_growth,idn.13.1305,2021,5,2,idn.13.1312|idn.13.1307,3.71|3.7,1.42591514466|0.409641528497,3.705,0.435,0,false
real_grdp_growth,idn.13.1305,2021,7,2,idn.13.1312|idn.13.1307,3.71|3.7,1.42591514466|0.409641528497,3.705,0.435,0,false
real_grdp_growth,idn.13.1305,2022,5,2,idn.13.1306|idn.13.1307,6.83|4.21,1.46877630416|0.638599034642,5.52,1.36,0,false
real_grdp_growth,idn.13.1305,2022,7,2,idn.13.1306|idn.13.1303,6.83|4.28,1.46877630416|2.17388905171,5.555,1.395,0.035,false
real_grdp_growth,idn.13.1305,2023,5,2,idn.13.1306|idn.13.1308,5.46|4.55,0.829806877498|1.8283218005,5.005,0.565,0,false
real_grdp_growth,idn.13.1305,2023,7,2,idn.13.1306|idn.13.1377,5.46|4.79,0.829806877498|1.98385734586,5.125,0.685,0.12,false
real_grdp_growth,idn.13.1305,2024,5,2,idn.13.1306|idn.13.1307,4.57|4.12,1.34299514507|0.633873763361,4.345,0.495,0,false
real_grdp_growth,idn.13.1305,2024,7,2,idn.13.1306|idn.13.1377,4.57|4.51,1.34299514507|1.95998095955,4.54,0.69,0.195,false
real_grdp_growth,idn.13.1306,2019,5,2,idn.13.1303|idn.13.1305,5.04|4.99,2.02852820129|1.81573418434,5.015,2.615,-0.155,false
real_grdp_growth,idn.13.1306,2019,7,2,idn.13.1377|idn.13.1303,5.3|5.04,2.15043521434|2.02852820129,5.17,2.77,0,false
real_grdp_growth,idn.13.1306,2020,5,2,idn.13.1302|idn.13.1305,-1.11|-1.12,2.06866952972|1.86719134379,-1.115,9.345,0,false
real_grdp_growth,idn.13.1306,2020,7,2,idn.13.1302|idn.13.1305,-1.11|-1.12,2.06866952972|1.86719134379,-1.115,9.345,0,false
real_grdp_growth,idn.13.1306,2021,5,2,idn.13.1312|idn.13.1307,3.71|3.7,1.33907001743|1.39864492981,3.705,1.555,0,false
real_grdp_growth,idn.13.1306,2021,7,2,idn.13.1312|idn.13.1307,3.71|3.7,1.33907001743|1.39864492981,3.705,1.555,0,false
real_grdp_growth,idn.13.1306,2022,5,2,idn.13.1307|idn.13.1305,4.21|4.16,1.32655167407|1.46731042918,4.185,-2.645,0,false
real_grdp_growth,idn.13.1306,2022,7,2,idn.13.1377|idn.13.1307,4.53|4.21,2.51591413833|1.32655167407,4.37,-2.46,0.185,false
real_grdp_growth,idn.13.1306,2023,5,2,idn.13.1308|idn.13.1307,4.55|4.52,1.8234606287|0.982059802554,4.535,-0.925,0,false
real_grdp_growth,idn.13.1306,2023,7,2,idn.13.1308|idn.13.1307,4.55|4.52,1.8234606287|0.982059802554,4.535,-0.925,0,false
real_grdp_growth,idn.13.1306,2024,5,2,idn.13.1307|idn.13.1312,4.12|4.08,1.28432202448|1.59004314327,4.1,-0.47,0,false
real_grdp_growth,idn.13.1306,2024,7,2,idn.13.1377|idn.13.1307,4.51|4.12,2.57047378544|1.28432202448,4.315,-0.255,0.215,false
real_grdp_growth,idn.13.1307,2019,5,2,idn.13.1303|idn.13.1305,5.04|4.99,1.72586725336|0.284936361221,5.015,0.235,-0.155,false
real_grdp_growth,idn.13.1307,2019,7,2,idn.13.1377|idn.13.1303,5.3|5.04,1.77052359002|1.72586725336,5.17,0.39,0,false
real_grdp_growth,idn.13.1307,2020,5,2,idn.13.1302|idn.13.1305,-1.11|-1.12,1.31231996339|0.844753400092,-1.115,0.255,0,false
real_grdp_growth,idn.13.1307,2020,7,2,idn.13.1302|idn.13.1305,-1.11|-1.12,1.31231996339|0.844753400092,-1.115,0.255,0,false
real_grdp_growth,idn.13.1307,2021,5,2,idn.13.1312|idn.13.1311,3.71|3.4,1.65049566685|1.83114914698,3.555,-0.145,0,false
real_grdp_growth,idn.13.1307,2021,7,2,idn.13.1312|idn.13.1311,3.71|3.4,1.65049566685|1.83114914698,3.555,-0.145,0,false
real_grdp_growth,idn.13.1307,2022,5,2,idn.13.1306|idn.13.1305,6.83|4.16,1.30136975617|0.630407688909,5.495,1.285,0,false
real_grdp_growth,idn.13.1307,2022,7,2,idn.13.1306|idn.13.1377,6.83|4.53,1.30136975617|1.89024445086,5.68,1.47,0.185,false
real_grdp_growth,idn.13.1307,2023,5,2,idn.13.1306|idn.13.1308,5.46|4.55,0.979488269766|1.33274806943,5.005,0.485,0,false
real_grdp_growth,idn.13.1307,2023,7,2,idn.13.1306|idn.13.1377,5.46|4.79,0.979488269766|2.06601887074,5.125,0.605,0.12,false
real_grdp_growth,idn.13.1307,2024,5,2,idn.13.1306|idn.13.1312,4.57|4.08,1.24065844656|1.40592923694,4.325,0.205,-0.215,false
real_grdp_growth,idn.13.1307,2024,7,2,idn.13.1306|idn.13.1377,4.57|4.51,1.24065844656|1.76422894785,4.54,0.42,0,false
real_grdp_growth,idn.13.1308,2019,5,2,idn.13.1303|idn.13.1311,5.04|4.94,1.95329008956|1.51783529918,4.99,-0.07,0,false
real_grdp_growth,idn.13.1308,2019,7,2,idn.13.1303|idn.13.1305,5.04|4.99,1.95329008956|2.30857347395,5.015,-0.045,0.025,false
real_grdp_growth,idn.13.1308,2020,5,2,idn.13.1309|idn.13.1302,-0.87|-1.11,1.33932946642|1.51802119764,-0.99,0.17,-0.005,false
real_grdp_growth,idn.13.1308,2020,7,2,idn.13.1309|idn.13.1304,-0.87|-1.1,1.33932946642|1.62451415517,-0.985,0.175,0,false
real_grdp_growth,idn.13.1308,2021,5,2,idn.13.1311|idn.13.1309,3.4|3.35,0.66987904225|1.25664531369,3.375,0.045,-0.175,false
real_grdp_growth,idn.13.1308,2021,7,2,idn.13.1307|idn.13.1311,3.7|3.4,1.68318758755|0.66987904225,3.55,0.22,0,false
real_grdp_growth,idn.13.1308,2022,5,2,idn.13.1303|idn.13.1311,4.28|4.27,1.05136900272|0.854762696495,4.275,0.255,0,false
real_grdp_growth,idn.13.1308,2022,7,2,idn.13.1303|idn.13.1311,4.28|4.27,1.05136900272|0.854762696495,4.275,0.255,0,false
real_grdp_growth,idn.13.1308,2023,5,2,idn.13.1310|idn.13.1307,4.57|4.52,1.17971767315|1.31946181922,4.545,-0.005,-0.47,false
real_grdp_growth,idn.13.1308,2023,7,2,idn.13.1306|idn.13.1310,5.46|4.57,1.79380213025|1.17971767315,5.015,0.465,0,false
real_grdp_growth,idn.13.1308,2024,5,2,idn.13.1307|idn.13.1310,4.12|4.09,1.64629242867|1.48037980351,4.105,0.075,0,false
real_grdp_growth,idn.13.1308,2024,7,2,idn.13.1307|idn.13.1310,4.12|4.09,1.64629242867|1.48037980351,4.105,0.075,0,false
real_grdp_growth,idn.13.1309,2019,5,2,idn.13.1308|idn.13.1303,5.06|5.04,2.20411815589|1.5838402652,5.05,0.25,0,false
real_grdp_growth,idn.13.1309,2019,7,2,idn.13.1308|idn.13.1303,5.06|5.04,2.20411815589|1.5838402652,5.05,0.25,0,false
real_grdp_growth,idn.13.1309,2020,5,2,idn.13.1302|idn.13.1303,-1.11|-1.14,1.446337841|1.17457123002,-1.125,-0.255,-0.02,false
real_grdp_growth,idn.13.1309,2020,7,2,idn.13.1304|idn.13.1302,-1.1|-1.11,1.85666456048|1.446337841,-1.105,-0.235,0,false
real_grdp_growth,idn.13.1309,2021,5,2,idn.13.1311|idn.13.1308,3.4|3.33,1.55730739828|1.32363525454,3.365,0.015,-0.01,false
real_grdp_growth,idn.13.1309,2021,7,2,idn.13.1307|idn.13.1311,3.7|3.4,2.53062956358|1.55730739828,3.55,0.2,0.175,false
real_grdp_growth,idn.13.1309,2022,5,2,idn.13.1303|idn.13.1311,4.28|4.27,1.27561559434|1.74832265802,4.275,0.195,0,false
real_grdp_growth,idn.13.1309,2022,7,2,idn.13.1303|idn.13.1311,4.28|4.27,1.27561559434|1.74832265802,4.275,0.195,0,false
real_grdp_growth,idn.13.1309,2023,5,2,idn.13.1310|idn.13.1308,4.57|4.55,1.70530605964|1.37775493062,4.56,0.15,0,false
real_grdp_growth,idn.13.1309,2023,7,2,idn.13.1310|idn.13.1308,4.57|4.55,1.70530605964|1.37775493062,4.56,0.15,0,false
real_grdp_growth,idn.13.1309,2024,5,2,idn.13.1310|idn.13.1308,4.09|4.03,1.77529762286|1.4069146539,4.06,0.11,0,false
real_grdp_growth,idn.13.1309,2024,7,2,idn.13.1307|idn.13.1310,4.12|4.09,2.72831727398|1.77529762286,4.105,0.155,0.045,false
real_grdp_growth,idn.13.1310,2019,5,2,idn.13.1308|idn.13.1303,5.06|5.04,0.789547031149|2.53462887947,5.05,0.19,-0.425,false
real_grdp_growth,idn.13.1310,2019,7,2,idn.13.1376|idn.13.1308,5.89|5.06,2.80139232156|0.789547031149,5.475,0.615,0,false
real_grdp_growth,idn.13.1310,2020,5,2,idn.13.1309|idn.13.1304,-0.87|-1.1,1.32481738176|1.1965196958,-0.985,0.255,0,false
real_grdp_growth,idn.13.1310,2020,7,2,idn.13.1309|idn.13.1304,-0.87|-1.1,1.32481738176|1.1965196958,-0.985,0.255,0,false
real_grdp_growth,idn.13.1310,2021,5,2,idn.13.1311|idn.13.1309,3.4|3.35,1.10467764459|1.70915851926,3.375,0.055,0,false
real_grdp_growth,idn.13.1310,2021,7,2,idn.13.1307|idn.13.1311,3.7|3.4,2.69561487467|1.10467764459,3.55,0.23,0.175,false
real_grdp_growth,idn.13.1310,2022,5,2,idn.13.1303|idn.13.1311,4.28|4.27,1.44564630331|1.01756698356,4.275,0.265,0,false
real_grdp_growth,idn.13.1310,2022,7,2,idn.13.1303|idn.13.1311,4.28|4.27,1.44564630331|1.01756698356,4.275,0.265,0,false
real_grdp_growth,idn.13.1310,2023,5,2,idn.13.1308|idn.13.1307,4.55|4.52,1.22446030179|2.30099108122,4.535,-0.035,0,false
real_grdp_growth,idn.13.1310,2023,7,2,idn.13.1308|idn.13.1307,4.55|4.52,1.22446030179|2.30099108122,4.535,-0.035,0,false
real_grdp_growth,idn.13.1310,2024,5,2,idn.13.1308|idn.13.1309,4.03|3.95,1.53031324761|1.72339001759,3.99,-0.1,-0.28,false
real_grdp_growth,idn.13.1310,2024,7,2,idn.13.1377|idn.13.1308,4.51|4.03,2.42692509836|1.53031324761,4.27,0.18,0,false
real_grdp_growth,idn.13.1311,2019,5,2,idn.13.1308|idn.13.1303,5.06|5.04,1.44698523544|1.22738167719,5.05,0.11,0,false
real_grdp_growth,idn.13.1311,2019,7,2,idn.13.1308|idn.13.1303,5.06|5.04,1.44698523544|1.22738167719,5.05,0.11,0,false
real_grdp_growth,idn.13.1311,2020,5,2,idn.13.1309|idn.13.1302,-0.87|-1.11,1.45600027583|1.05830136059,-0.99,0.4,-0.005,false
real_grdp_growth,idn.13.1311,2020,7,2,idn.13.1309|idn.13.1304,-0.87|-1.1,1.45600027583|1.58005433404,-0.985,0.405,0,false
real_grdp_growth,idn.13.1311,2021,5,2,idn.13.1309|idn.13.1308,3.35|3.33,1.44882045635|0.66790849324,3.34,-0.06,-0.185,false
real_grdp_growth,idn.13.1311,2021,7,2,idn.13.1307|idn.13.1309,3.7|3.35,1.81946365846|1.44882045635,3.525,0.125,0,false
real_grdp_growth,idn.13.1311,2022,5,2,idn.13.1303|idn.13.1309,4.28|4.08,0.87696737286|1.67572859362,4.18,-0.09,0,false
real_grdp_growth,idn.13.1311,2022,7,2,idn.13.1303|idn.13.1307,4.28|4.21,0.87696737286|2.06287328417,4.245,-0.025,0.065,false
real_grdp_growth,idn.13.1311,2023,5,2,idn.13.1310|idn.13.1308,4.57|4.55,1.53553096994|0.871285332077,4.56,0.21,0,false
real_grdp_growth,idn.13.1311,2023,7,2,idn.13.1310|idn.13.1308,4.57|4.55,1.53553096994|0.871285332077,4.56,0.21,0,false
real_grdp_growth,idn.13.1311,2024,5,2,idn.13.1310|idn.13.1308,4.09|4.03,0.862650001202|0.798757643878,4.06,0.2,-0.24,false
real_grdp_growth,idn.13.1311,2024,7,2,idn.13.1377|idn.13.1307,4.51|4.12,1.816619439|2.04071237123,4.315,0.455,0.015,false
real_grdp_growth,idn.13.1312,2019,5,2,idn.13.1303|idn.13.1305,5.04|4.99,3.18462834629|1.71351713105,5.015,0.565,0,false
real_grdp_growth,idn.13.1312,2019,7,2,idn.13.1373|idn.13.1303,5.31|5.04,3.30136321489|3.18462834629,5.175,0.725,0.16,false
real_grdp_growth,idn.13.1312,2020,5,2,idn.13.1302|idn.13.1305,-1.11|-1.12,2.52587628729|1.85974506401,-1.115,0.225,0,false
real_grdp_growth,idn.13.1312,2020,7,2,idn.13.1302|idn.13.1305,-1.11|-1.12,2.52587628729|1.85974506401,-1.115,0.225,0,false
real_grdp_growth,idn.13.1312,2021,5,2,idn.13.1307|idn.13.1302,3.7|3.35,1.73645851379|2.39858846318,3.525,-0.185,0,false
real_grdp_growth,idn.13.1312,2021,7,2,idn.13.1307|idn.13.1377,3.7|3.51,1.73645851379|3.19289538118,3.605,-0.105,0.08,false
real_grdp_growth,idn.13.1312,2022,5,2,idn.13.1306|idn.13.1307,6.83|4.21,1.46733875355|1.59508098556,5.52,1.39,0,false
real_grdp_growth,idn.13.1312,2022,7,2,idn.13.1306|idn.13.1303,6.83|4.28,1.46733875355|3.20299903418,5.555,1.425,0.035,false
real_grdp_growth,idn.13.1312,2023,5,2,idn.13.1306|idn.13.1377,5.46|4.79,2.18981449563|3.2630724167,5.125,0.795,0,false
real_grdp_growth,idn.13.1312,2023,7,2,idn.13.1306|idn.13.1377,5.46|4.79,2.18981449563|3.2630724167,5.125,0.795,0,false
real_grdp_growth,idn.13.1312,2024,5,2,idn.13.1306|idn.13.1307,4.57|4.12,1.66929083248|1.49302523442,4.345,0.265,0,false
real_grdp_growth,idn.13.1312,2024,7,2,idn.13.1371|idn.13.1306,4.65|4.57,3.23421214782|1.66929083248,4.61,0.53,0.265,false
real_grdp_growth,idn.13.1371,2019,5,2,idn.13.1374|idn.13.1372,5.56|5.49,1.59407749392|2.78936311989,5.525,-0.115,0,false
real_grdp_growth,idn.13.1371,2019,7,2,idn.13.1374|idn.13.1372,5.56|5.49,1.59407749392|2.78936311989,5.525,-0.115,0,false
real_grdp_growth,idn.13.1371,2020,5,2,idn.13.1373|idn.13.1377,-1.27|-1.32,2.15904823417|2.72918258981,-1.295,0.565,0,false
real_grdp_growth,idn.13.1371,2020,7,2,idn.13.1373|idn.13.1377,-1.27|-1.32,2.15904823417|2.72918258981,-1.295,0.565,0,false
real_grdp_growth,idn.13.1371,2021,5,2,idn.13.1376|idn.13.1377,3.58|3.51,2.62371042056|2.01419645131,3.545,-0.105,-0.05,false
real_grdp_growth,idn.13.1371,2021,7,2,idn.13.1307|idn.13.1375,3.7|3.61,3.1602668446|3.12344343882,3.655,0.005,0.06,false
real_grdp_growth,idn.13.1371,2022,5,2,idn.13.1372|idn.13.1377,4.6|4.53,2.57502850869|1.88480057039,4.565,0.255,0,false
real_grdp_growth,idn.13.1371,2022,7,2,idn.13.1372|idn.13.1377,4.6|4.53,2.57502850869|1.88480057039,4.565,0.255,0,false
real_grdp_growth,idn.13.1371,2023,5,2,idn.13.1374|idn.13.1377,4.84|4.79,2.03960220683|2.09283801215,4.815,0.275,-0.01,false
real_grdp_growth,idn.13.1371,2023,7,2,idn.13.1374|idn.13.1372,4.84|4.81,2.03960220683|3.01881793791,4.825,0.285,0,false
real_grdp_growth,idn.13.1371,2024,5,2,idn.13.1376|idn.13.1375,4.53|4.52,2.37085271602|2.35642104782,4.525,-0.125,0,false
real_grdp_growth,idn.13.1371,2024,7,2,idn.13.1372|idn.13.1376,4.55|4.53,2.55116525105|2.37085271602,4.54,-0.11,0.015,false
real_grdp_growth,idn.13.1372,2019,5,2,idn.13.1376|idn.13.1375,5.89|5.84,2.09350539218|1.76182928928,5.865,0.375,0,false
real_grdp_growth,idn.13.1372,2019,7,2,idn.13.1376|idn.13.1375,5.89|5.84,2.09350539218|1.76182928928,5.865,0.375,0,false
real_grdp_growth,idn.13.1372,2020,5,2,idn.13.1377|idn.13.1374,-1.32|-1.44,2.06845143693|2.07573978416,-1.38,0.04,-0.085,false
real_grdp_growth,idn.13.1372,2020,7,2,idn.13.1373|idn.13.1377,-1.27|-1.32,3.05176397405|2.06845143693,-1.295,0.125,0,false
real_grdp_growth,idn.13.1372,2021,5,2,idn.13.1307|idn.13.1375,3.7|3.61,3.34062605121|1.0209334049,3.655,0.105,0,false
real_grdp_growth,idn.13.1372,2021,7,2,idn.13.1307|idn.13.1371,3.7|3.65,3.34062605121|3.48256583283,3.675,0.125,0.02,false
real_grdp_growth,idn.13.1372,2022,5,2,idn.13.1375|idn.13.1377,4.67|4.53,1.23024691112|1.95724961486,4.6,0,0,false
real_grdp_growth,idn.13.1372,2022,7,2,idn.13.1375|idn.13.1377,4.67|4.53,1.23024691112|1.95724961486,4.6,0,0,false
real_grdp_growth,idn.13.1372,2023,5,2,idn.13.1374|idn.13.1377,4.84|4.79,1.84969633431|1.84222816126,4.815,0.005,0,false
real_grdp_growth,idn.13.1372,2023,7,2,idn.13.1374|idn.13.1377,4.84|4.79,1.84969633431|1.84222816126,4.815,0.005,0,false
real_grdp_growth,idn.13.1372,2024,5,2,idn.13.1376|idn.13.1375,4.53|4.52,1.30086552239|0.440244108203,4.525,-0.025,-0.065,false
real_grdp_growth,idn.13.1372,2024,7,2,idn.13.1371|idn.13.1376,4.65|4.53,2.52536604852|1.30086552239,4.59,0.04,0,false
real_grdp_growth,idn.13.1373,2019,5,2,idn.13.1376|idn.13.1374,5.89|5.56,2.25217145703|2.49376936579,5.725,0.415,0,false
real_grdp_growth,idn.13.1373,2019,7,2,idn.13.1376|idn.13.1374,5.89|5.56,2.25217145703|2.49376936579,5.725,0.415,0,false
real_grdp_growth,idn.13.1373,2020,5,2,idn.13.1377|idn.13.1307,-1.32|-1.37,1.77712516914|1.69125579347,-1.345,-0.075,-0.125,false
real_grdp_growth,idn.13.1373,2020,7,2,idn.13.1305|idn.13.1377,-1.12|-1.32,2.05564257991|1.77712516914,-1.22,0.05,0,false
real_grdp_growth,idn.13.1373,2021,5,2,idn.13.1307|idn.13.1371,3.7|3.65,2.00481960165|1.86110205049,3.675,1.195,0,false
real_grdp_growth,idn.13.1373,2021,7,2,idn.13.1307|idn.13.1371,3.7|3.65,2.00481960165|1.86110205049,3.675,1.195,0,false
real_grdp_growth,idn.13.1373,2022,5,2,idn.13.1377|idn.13.1374,4.53|4.39,2.01607142803|1.62179093731,4.46,0.5,-0.06,false
real_grdp_growth,idn.13.1373,2022,7,2,idn.13.1372|idn.13.1377,4.6|4.53,2.25782566062|2.01607142803,4.565,0.605,0.045,false
real_grdp_growth,idn.13.1373,2023,5,2,idn.13.1306|idn.13.1374,5.46|4.84,2.17312172153|2.09557640265,5.15,0.69,0,false
real_grdp_growth,idn.13.1373,2023,7,2,idn.13.1306|idn.13.1374,5.46|4.84,2.17312172153|2.09557640265,5.15,0.69,0,false
real_grdp_growth,idn.13.1373,2024,5,2,idn.13.1371|idn.13.1375,4.65|4.52,1.60630284666|2.14608524596,4.585,0.565,-0.015,false
real_grdp_growth,idn.13.1373,2024,7,2,idn.13.1371|idn.13.1372,4.65|4.55,1.60630284666|2.28225064942,4.6,0.58,0,false
real_grdp_growth,idn.13.1374,2019,5,2,idn.13.1376|idn.13.1375,5.89|5.84,2.01971386608|2.27902830874,5.865,0.305,0,false
real_grdp_growth,idn.13.1374,2019,7,2,idn.13.1376|idn.13.1375,5.89|5.84,2.01971386608|2.27902830874,5.865,0.305,0,false
real_grdp_growth,idn.13.1374,2020,5,2,idn.13.1373|idn.13.1377,-1.27|-1.32,1.62978254354|1.3237661766,-1.295,0.145,0,false
real_grdp_growth,idn.13.1374,2020,7,2,idn.13.1373|idn.13.1377,-1.27|-1.32,1.62978254354|1.3237661766,-1.295,0.145,0,false
real_grdp_growth,idn.13.1374,2021,5,2,idn.13.1375|idn.13.1376,3.61|3.58,1.10576743041|1.62870628236,3.595,0.135,-0.035,false
real_grdp_growth,idn.13.1374,2021,7,2,idn.13.1307|idn.13.1371,3.7|3.65,2.70224834577|2.2114298235,3.675,0.215,0.045,false
real_grdp_growth,idn.13.1374,2022,5,2,idn.13.1375|idn.13.1372,4.67|4.6,1.3081513172|1.38310832018,4.635,0.245,0,false
real_grdp_growth,idn.13.1374,2022,7,2,idn.13.1375|idn.13.1372,4.67|4.6,1.3081513172|1.38310832018,4.635,0.245,0,false
real_grdp_growth,idn.13.1374,2023,5,2,idn.13.1372|idn.13.1377,4.81|4.79,1.89034476026|2.42275146513,4.8,-0.04,0,false
real_grdp_growth,idn.13.1374,2023,7,2,idn.13.1372|idn.13.1377,4.81|4.79,1.89034476026|2.42275146513,4.8,-0.04,0,false
real_grdp_growth,idn.13.1374,2024,5,2,idn.13.1371|idn.13.1372,4.65|4.55,1.50589554123|1.71698266426,4.6,0.08,0,false
real_grdp_growth,idn.13.1374,2024,7,2,idn.13.1371|idn.13.1372,4.65|4.55,1.50589554123|1.71698266426,4.6,0.08,0,false
real_grdp_growth,idn.13.1375,2019,5,2,idn.13.1376|idn.13.1374,5.89|5.56,2.13154770753|2.42638615912,5.725,-0.115,0,false
real_grdp_growth,idn.13.1375,2019,7,2,idn.13.1376|idn.13.1374,5.89|5.56,2.13154770753|2.42638615912,5.725,-0.115,0,false
real_grdp_growth,idn.13.1375,2020,5,2,idn.13.1377|idn.13.1372,-1.32|-1.42,2.08014768066|1.2965947787,-1.37,0.37,-0.075,false
real_grdp_growth,idn.13.1375,2020,7,2,idn.13.1305|idn.13.1373,-1.12|-1.27,3.68991342592|3.29318451206,-1.195,0.545,0.1,false
real_grdp_growth,idn.13.1375,2021,5,2,idn.13.1376|idn.13.1372,3.58|3.55,1.55973942295|1.00073012792,3.565,-0.045,-0.05,false
real_grdp_growth,idn.13.1375,2021,7,2,idn.13.1307|idn.13.1371,3.7|3.65,3.17298482761|3.08099883852,3.675,0.065,0.06,false
real_grdp_growth,idn.13.1375,2022,5,2,idn.13.1372|idn.13.1376,4.6|4.51,1.36470925057|2.57463560462,4.555,-0.115,-0.01,false
real_grdp_growth,idn.13.1375,2022,7,2,idn.13.1372|idn.13.1377,4.6|4.53,1.36470925057|3.21243688155,4.565,-0.105,0,false
real_grdp_growth,idn.13.1375,2023,5,2,idn.13.1374|idn.13.1372,4.84|4.81,1.16556333037|1.22491673932,4.825,0.035,0,false
real_grdp_growth,idn.13.1375,2023,7,2,idn.13.1374|idn.13.1372,4.84|4.81,1.16556333037|1.22491673932,4.825,0.035,0,false
real_grdp_growth,idn.13.1375,2024,5,2,idn.13.1372|idn.13.1376,4.55|4.53,0.444531561003|1.41610477518,4.54,0.02,-0.06,false
real_grdp_growth,idn.13.1375,2024,7,2,idn.13.1371|idn.13.1372,4.65|4.55,2.32604185944|0.444531561003,4.6,0.08,0,false
real_grdp_growth,idn.13.1376,2019,5,2,idn.13.1375|idn.13.1374,5.84|5.56,1.9489018745|2.00623259325,5.7,-0.19,0,false
real_grdp_growth,idn.13.1376,2019,7,2,idn.13.1375|idn.13.1374,5.84|5.56,1.9489018745|2.00623259325,5.7,-0.19,0,false
real_grdp_growth,idn.13.1376,2020,5,2,idn.13.1373|idn.13.1377,-1.27|-1.32,1.94552283293|1.63885557519,-1.295,0.355,0,false
real_grdp_growth,idn.13.1376,2020,7,2,idn.13.1310|idn.13.1373,-1.24|-1.27,2.57466842909|1.94552283293,-1.255,0.395,0.04,false
real_grdp_growth,idn.13.1376,2021,5,2,idn.13.1375|idn.13.1372,3.61|3.55,1.46208053218|1.82998033742,3.58,0,0,false
real_grdp_growth,idn.13.1376,2021,7,2,idn.13.1371|idn.13.1375,3.65|3.61,2.48554563469|1.46208053218,3.63,0.05,0.05,false
real_grdp_growth,idn.13.1376,2022,5,2,idn.13.1375|idn.13.1372,4.67|4.6,2.290308652|1.52087336108,4.635,0.125,0,false
real_grdp_growth,idn.13.1376,2022,7,2,idn.13.1375|idn.13.1372,4.67|4.6,2.290308652|1.52087336108,4.635,0.125,0,false
real_grdp_growth,idn.13.1376,2023,5,2,idn.13.1372|idn.13.1377,4.81|4.79,1.01054371754|1.19933268824,4.8,0.1,-0.025,false
real_grdp_growth,idn.13.1376,2023,7,2,idn.13.1374|idn.13.1372,4.84|4.81,2.31402983463|1.01054371754,4.825,0.125,0,false
real_grdp_growth,idn.13.1376,2024,5,2,idn.13.1372|idn.13.1375,4.55|4.52,1.24703074553|1.35271567618,4.535,0.005,0,false
real_grdp_growth,idn.13.1376,2024,7,2,idn.13.1371|idn.13.1372,4.65|4.55,2.29915399668|1.24703074553,4.6,0.07,0.065,false
real_grdp_growth,idn.13.1377,2019,5,2,idn.13.1376|idn.13.1374,5.89|5.56,1.57719454368|1.35168114809,5.725,0.425,0,false
real_grdp_growth,idn.13.1377,2019,7,2,idn.13.1376|idn.13.1374,5.89|5.56,1.57719454368|1.35168114809,5.725,0.425,0,false
real_grdp_growth,idn.13.1377,2020,5,2,idn.13.1305|idn.13.1373,-1.12|-1.27,1.91323659913|1.75395625402,-1.195,0.125,0,false
real_grdp_growth,idn.13.1377,2020,7,2,idn.13.1305|idn.13.1373,-1.12|-1.27,1.91323659913|1.75395625402,-1.195,0.125,0,false
real_grdp_growth,idn.13.1377,2021,5,2,idn.13.1371|idn.13.1376,3.65|3.58,1.90047914336|1.54052367479,3.615,0.105,0,false
real_grdp_growth,idn.13.1377,2021,7,2,idn.13.1307|idn.13.1371,3.7|3.65,2.28498709073|1.90047914336,3.675,0.165,0.06,false
real_grdp_growth,idn.13.1377,2022,5,2,idn.13.1372|idn.13.1374,4.6|4.39,1.93123853575|2.15868058801,4.495,-0.035,0,false
real_grdp_growth,idn.13.1377,2022,7,2,idn.13.1372|idn.13.1374,4.6|4.39,1.93123853575|2.15868058801,4.495,-0.035,0,false
real_grdp_growth,idn.13.1377,2023,5,2,idn.13.1372|idn.13.1376,4.81|4.7,1.77596804438|1.17458236786,4.755,-0.035,0,false
real_grdp_growth,idn.13.1377,2023,7,2,idn.13.1372|idn.13.1376,4.81|4.7,1.77596804438|1.17458236786,4.755,-0.035,0,false
real_grdp_growth,idn.13.1377,2024,5,2,idn.13.1372|idn.13.1376,4.55|4.53,1.94959113503|1.10782966103,4.54,0.03,-0.06,false
real_grdp_growth,idn.13.1377,2024,7,2,idn.13.1371|idn.13.1372,4.65|4.55,1.95805161537|1.94959113503,4.6,0.09,0,false
