provenance_id,source_id,artifact_locator,retrieved_at,source_release,checksum_sha256,parser_revision,transform_revision,extraction_method,notes
bpsprov_05a9e56abf9bf8d3f7bac8c1,bps_webapi,bps-webapi://domain/1300/var/34/th/118,2026-08-15T16:08:58+00:00,2025-10-31 09:52:31,c47f25f831b7bb071e33ad2dcb8146c9ff1551f1cd52bf7c8c13c3027b9b26b6,normalize_bps_dynamic:v2,build_bps_canonical_panel:v1,api,source_snapshot=var-34-2018.json; source_var=34 Persentase Penduduk Miskin Menurut Kabupaten/Kota di Sumatera Barat; source_period=118:2018
bpsprov_07afa8f13634c9788796a1be,bps_webapi,bps-webapi://domain/1300/var/34/th/122,2026-08-15T16:08:58+00:00,2025-10-31 09:52:31,5d7359e9457d6312ef2d09f5bc51527399dc3fc67b2e1a2a33ecb5de70620453,normalize_bps_dynamic:v2,build_bps_canonical_panel:v1,api,source_snapshot=var-34-2022.json; source_var=34 Persentase Penduduk Miskin Menurut Kabupaten/Kota di Sumatera Barat; source_period=122:2022
bpsprov_0b0d19688b5dafc6c6a6d610,bps_webapi,bps-webapi://domain/1300/var/363/th/120,2026-08-15T16:08:36+00:00,2025-11-10 11:23:03,d916bc3ddc154fc992b6c69f0817509689bc75131c02f6deba33eb6ab218b0ff,normalize_bps_dynamic:v2,build_bps_canonical_panel:v1,api,source_snapshot=var-363-2020.json; source_var=363 [Metode Baru] Rata-Rata Lama Sekolah Menurut Kabupaten/Kota di Provinsi Sumatera Barat; source_period=120:2020
bpsprov_0c7cb7128ed5a07284b9cd1a,bps_webapi,bps-webapi://domain/1300/var/361/th/122,2026-08-15T16:08:23+00:00,2025-11-10 11:38:08,caad632dfb23267aedceda8a305785a77454358c45e7b1b06d578cfab923fcab,normalize_bps_dynamic:v2,build_bps_canonical_panel:v1,api,source_snapshot=var-361-2022.json; source_var=361 [Metode Baru] Harapan Lama Sekolah Menurut Kabupaten/Kota di Provinsi Sumatera Barat; source_period=122:2022
bpsprov_1c9e409f73f417d3bb806144,bps_webapi,bps-webapi://domain/1300/var/361/th/118,2026-08-15T16:08:23+00:00,2025-11-10 11:38:08,3f7a87437d46c0ae774698a8362f9f4625cfebf09733e6e164f183251c2fa0da,normalize_bps_dynamic:v2,build_bps_canonical_panel:v1,api,source_snapshot=var-361-2018.json; source_var=361 [Metode Baru] Harapan Lama Sekolah Menurut Kabupaten/Kota di Provinsi Sumatera Barat; source_period=118:2018
bpsprov_1f2c3732b7fbb4c85a9ea7e7,bps_webapi,bps-webapi://domain/1300/var/139/th/123,2026-08-15T16:07:41+00:00,2025-11-10 08:58:50,4443f03051f7230c5cc5be6f608ff7ba76c54fcaa4f16bd77439b9a3afd6b610,normalize_bps_dynamic:v2,build_bps_canonical_panel:v1,api,source_snapshot=var-139-2023.json; source_var=139 Tingkat Pengangguran Terbuka (TPT) Menurut Kabupaten/Kota; source_period=123:2023
bpsprov_201a0a2b90685d55a0143e64,bps_webapi,bps-webapi://domain/1300/var/361/th/124,2026-08-15T16:08:23+00:00,2025-11-10 11:38:08,12d64b80cd5c2820c679b51cb3e043c32478e636054c20fb43d342ce8570bc18,normalize_bps_dynamic:v2,build_bps_canonical_panel:v1,api,source_snapshot=var-361-2024.json; source_var=361 [Metode Baru] Harapan Lama Sekolah Menurut Kabupaten/Kota di Provinsi Sumatera Barat; source_period=124:2024
bpsprov_22319e4d86199cb8c1878bba,bps_webapi,bps-webapi://domain/1300/var/141/th/120,2026-08-15T16:07:55+00:00,2025-11-10 09:03:05,5386b09528408397b8e70239851275cdf4da5bca3e2c54bf72bfab7cbb0a506a,normalize_bps_dynamic:v2,build_bps_canonical_panel:v1,api,source_snapshot=var-141-2020.json; source_var=141 Tingkat Partisipasi Angkatan Kerja (TPAK) Menurut Kabupaten/Kota; source_period=120:2020
bpsprov_22a2958ae7ad027a09947938,bps_webapi,bps-webapi://domain/1300/var/141/th/118,2026-08-15T16:07:55+00:00,2025-11-10 09:03:05,4fa5af30f8f710be8cee4b31ee6716a4623916ec4cf5a0cea31c4baf4118eb4a,normalize_bps_dynamic:v2,build_bps_canonical_panel:v1,api,source_snapshot=var-141-2018.json; source_var=141 Tingkat Partisipasi Angkatan Kerja (TPAK) Menurut Kabupaten/Kota; source_period=118:2018
bpsprov_2656b715fcc4cc40484c4657,bps_webapi,bps-webapi://domain/1300/var/139/th/120,2026-08-15T16:07:41+00:00,2025-11-10 08:58:50,49e433fc7f6db883e835ef2164e8f8dc5e9397887943e5cf0573ffd8a9e6c482,normalize_bps_dynamic:v2,build_bps_canonical_panel:v1,api,source_snapshot=var-139-2020.json; source_var=139 Tingkat Pengangguran Terbuka (TPT) Menurut Kabupaten/Kota; source_period=120:2020
bpsprov_2776cfd7d11c4be66cb629f9,bps_webapi,bps-webapi://domain/1300/var/141/th/123,2026-08-15T16:07:55+00:00,2025-11-10 09:03:05,f57738689bf96eb9dc18d81e083da03a737e1b6071ed6852fd7adaa72fe6e221,normalize_bps_dynamic:v2,build_bps_canonical_panel:v1,api,source_snapshot=var-141-2023.json; source_var=141 Tingkat Partisipasi Angkatan Kerja (TPAK) Menurut Kabupaten/Kota; source_period=123:2023
bpsprov_2d213f4e173ef5e9ccf30c4c,bps_webapi,bps-webapi://domain/1300/var/138/th/119,2026-08-15T16:09:12+00:00,2026-02-27 09:56:39,12bb3a458f5c3813985ae1b223b5c0f5b0ebe8db7a25dd440985512c5fa3a038,normalize_bps_dynamic:v2,build_bps_canonical_panel:v1,api,source_snapshot=var-138-2019.json; source_var=138 Laju Pertumbuhan Produk Domestik Regional Bruto Atas Dasar Harga Konstan 2010 Menurut Kabupaten/Kota; source_period=119:2019
bpsprov_303068fc45c1b4a44de2962f,bps_webapi,bps-webapi://domain/1300/var/363/th/121,2026-08-15T16:08:36+00:00,2025-11-10 11:23:03,36806f2e17b0f959fe864d08a633a819b89727025cd0001dd4cde60bc654400a,normalize_bps_dynamic:v2,build_bps_canonical_panel:v1,api,source_snapshot=var-363-2021.json; source_var=363 [Metode Baru] Rata-Rata Lama Sekolah Menurut Kabupaten/Kota di Provinsi Sumatera Barat; source_period=121:2021
bpsprov_334a15296b02b74a48ac724e,bps_webapi,bps-webapi://domain/1300/var/138/th/118,2026-08-15T16:09:12+00:00,2026-02-27 09:56:39,05f628c0dca9c7e82acff73c2cc9ee892529b86bd6f12627fb042b743bc6019d,normalize_bps_dynamic:v2,build_bps_canonical_panel:v1,api,source_snapshot=var-138-2018.json; source_var=138 Laju Pertumbuhan Produk Domestik Regional Bruto Atas Dasar Harga Konstan 2010 Menurut Kabupaten/Kota; source_period=118:2018
bpsprov_3c2b40c77453f0a5cb1fe2ce,bps_webapi,bps-webapi://domain/1300/var/363/th/125,2026-08-15T16:08:36+00:00,2025-11-10 11:23:03,a2bd33ed9737e8496f46aeeac0c6d1b45536ccdec9ecaefd66307e8e687616b7,normalize_bps_dynamic:v2,build_bps_canonical_panel:v1,api,source_snapshot=var-363-2025.json; source_var=363 [Metode Baru] Rata-Rata Lama Sekolah Menurut Kabupaten/Kota di Provinsi Sumatera Barat; source_period=125:2025
bpsprov_442c429946468477713b83de,bps_webapi,bps-webapi://domain/1300/var/34/th/125,2026-08-15T16:08:58+00:00,2025-10-31 09:52:31,63e60690c14ed05ada27a0127a611ff797eaf402d4f4190d956a2d71cb39ab41,normalize_bps_dynamic:v2,build_bps_canonical_panel:v1,api,source_snapshot=var-34-2025.json; source_var=34 Persentase Penduduk Miskin Menurut Kabupaten/Kota di Sumatera Barat; source_period=125:2025
bpsprov_45a57a644841e42f403a85d8,bps_webapi,bps-webapi://domain/1300/var/363/th/119,2026-08-15T16:08:36+00:00,2025-11-10 11:23:03,754ed69d1f4a9c88704e9aebe246cd7c477ec45f64c6d6b09b2e5885461e769f,normalize_bps_dynamic:v2,build_bps_canonical_panel:v1,api,source_snapshot=var-363-2019.json; source_var=363 [Metode Baru] Rata-Rata Lama Sekolah Menurut Kabupaten/Kota di Provinsi Sumatera Barat; source_period=119:2019
bpsprov_479bf204f2718d1d86a39fdb,bps_webapi,bps-webapi://domain/1300/var/363/th/122,2026-08-15T16:08:36+00:00,2025-11-10 11:23:03,0748e7e73650a9cd2c272e6cecad0006e50aa8e59563bee21cdb9418651e312b,normalize_bps_dynamic:v2,build_bps_canonical_panel:v1,api,source_snapshot=var-363-2022.json; source_var=363 [Metode Baru] Rata-Rata Lama Sekolah Menurut Kabupaten/Kota di Provinsi Sumatera Barat; source_period=122:2022
bpsprov_4e74f8113f789471e27d55c2,bps_webapi,bps-webapi://domain/1300/var/34/th/121,2026-08-15T16:08:58+00:00,2025-10-31 09:52:31,5f7dc76206d18c01fd18c4ae50db736c7f6d2cc04d928a092e036cf2b6150bd8,normalize_bps_dynamic:v2,build_bps_canonical_panel:v1,api,source_snapshot=var-34-2021.json; source_var=34 Persentase Penduduk Miskin Menurut Kabupaten/Kota di Sumatera Barat; source_period=121:2021
bpsprov_4edb40782c8f432cc3add0cc,bps_webapi,bps-webapi://domain/1300/var/752/th/124,2026-08-15T16:08:49+00:00,2025-11-24 11:00:21,e7f2417433a62aeff5c81402f9dd59230245a11e899be0c00e5ed8d4d0639ea6,normalize_bps_dynamic:v2,build_bps_canonical_panel:v1,api,source_snapshot=var-752-2024.json; source_var=752 [Metode Baru] Umur Harapan Hidup Saat Lahir Menurut Kabupaten/Kota (Hasil Long Form SP2020) di Provinsi Sumatera Barat; source_period=124:2024
bpsprov_53424a30222ff5665f0b6500,bps_webapi,bps-webapi://domain/1300/var/138/th/124,2026-08-15T16:09:12+00:00,2026-02-27 09:56:39,5f341297c37e7e7f56f83d635667f2a5e34ebb949f0503e98f06a5725aef6bcd,normalize_bps_dynamic:v2,build_bps_canonical_panel:v1,api,source_snapshot=var-138-2024.json; source_var=138 Laju Pertumbuhan Produk Domestik Regional Bruto Atas Dasar Harga Konstan 2010 Menurut Kabupaten/Kota; source_period=124:2024
bpsprov_59b3fcea1b8f80dc25e5997f,bps_webapi,bps-webapi://domain/1300/var/361/th/121,2026-08-15T16:08:23+00:00,2025-11-10 11:38:08,7ef107ac373b76522ae2f965adc7c8612129b3cf9fda0ec779720a59d89af9e8,normalize_bps_dynamic:v2,build_bps_canonical_panel:v1,api,source_snapshot=var-361-2021.json; source_var=361 [Metode Baru] Harapan Lama Sekolah Menurut Kabupaten/Kota di Provinsi Sumatera Barat; source_period=121:2021
bpsprov_6775659d083e0f7f0a6f3a86,bps_webapi,bps-webapi://domain/1300/var/141/th/125,2026-08-15T16:07:55+00:00,2025-11-10 09:03:05,966711a2132fc7807fd503a9d93514fb4e78124ae70a405834f424520ebc35ac,normalize_bps_dynamic:v2,build_bps_canonical_panel:v1,api,source_snapshot=var-141-2025.json; source_var=141 Tingkat Partisipasi Angkatan Kerja (TPAK) Menurut Kabupaten/Kota; source_period=125:2025
bpsprov_69f4d3401201e7f429f0371f,bps_webapi,bps-webapi://domain/1300/var/138/th/122,2026-08-15T16:09:12+00:00,2026-02-27 09:56:39,2a0672f10186ad2e81f4c59c9807118c1d0f9803f26a051dd848991da861573f,normalize_bps_dynamic:v2,build_bps_canonical_panel:v1,api,source_snapshot=var-138-2022.json; source_var=138 Laju Pertumbuhan Produk Domestik Regional Bruto Atas Dasar Harga Konstan 2010 Menurut Kabupaten/Kota; source_period=122:2022
bpsprov_76330cb31f219a56a7d551dc,bps_webapi,bps-webapi://domain/1300/var/34/th/124,2026-08-15T16:08:58+00:00,2025-10-31 09:52:31,e8bf4972d76a80c2bed1c855d5b128a0d1ad747a19ab399d04857ac6332977f6,normalize_bps_dynamic:v2,build_bps_canonical_panel:v1,api,source_snapshot=var-34-2024.json; source_var=34 Persentase Penduduk Miskin Menurut Kabupaten/Kota di Sumatera Barat; source_period=124:2024
bpsprov_7a75a5f8b1c67982a00bf2a0,bps_webapi,bps-webapi://domain/1300/var/139/th/122,2026-08-15T16:07:41+00:00,2025-11-10 08:58:50,b81fff679f232bb93752c0367697045885890371fc969ba1e58c705a0eb30026,normalize_bps_dynamic:v2,build_bps_canonical_panel:v1,api,source_snapshot=var-139-2022.json; source_var=139 Tingkat Pengangguran Terbuka (TPT) Menurut Kabupaten/Kota; source_period=122:2022
bpsprov_7b2838a6b20a2d227a05b86a,bps_webapi,bps-webapi://domain/1300/var/363/th/118,2026-08-15T16:08:36+00:00,2025-11-10 11:23:03,3fd2328badc3033911641ca77fbcd6c42dae4fb457d6e1919755d002cdef3fb1,normalize_bps_dynamic:v2,build_bps_canonical_panel:v1,api,source_snapshot=var-363-2018.json; source_var=363 [Metode Baru] Rata-Rata Lama Sekolah Menurut Kabupaten/Kota di Provinsi Sumatera Barat; source_period=118:2018
bpsprov_803d538d0bd89745bac67ed6,bps_webapi,bps-webapi://domain/1300/var/141/th/121,2026-08-15T16:07:55+00:00,2025-11-10 09:03:05,a6cd7dc803a43e34246a28ff295e7b673190e1376c9d7f4059894f73c698415f,normalize_bps_dynamic:v2,build_bps_canonical_panel:v1,api,source_snapshot=var-141-2021.json; source_var=141 Tingkat Partisipasi Angkatan Kerja (TPAK) Menurut Kabupaten/Kota; source_period=121:2021
bpsprov_81f9e12f5ebaf95e940bea3c,bps_webapi,bps-webapi://domain/1300/var/34/th/123,2026-08-15T16:08:58+00:00,2025-10-31 09:52:31,83b8b076bb2c9cdd758c8fc51444cbee8e61fbefad3df302296a950fbebbbaf9,normalize_bps_dynamic:v2,build_bps_canonical_panel:v1,api,source_snapshot=var-34-2023.json; source_var=34 Persentase Penduduk Miskin Menurut Kabupaten/Kota di Sumatera Barat; source_period=123:2023
bpsprov_82e03fec5a6c78e8c783fdda,bps_webapi,bps-webapi://domain/1300/var/361/th/119,2026-08-15T16:08:23+00:00,2025-11-10 11:38:08,e94614b6f1a5ea78d9edd5146321cd81269d738b6defcdb993d4cd308836c805,normalize_bps_dynamic:v2,build_bps_canonical_panel:v1,api,source_snapshot=var-361-2019.json; source_var=361 [Metode Baru] Harapan Lama Sekolah Menurut Kabupaten/Kota di Provinsi Sumatera Barat; source_period=119:2019
bpsprov_8e47c62ff74ef0847a5cff92,bps_webapi,bps-webapi://domain/1300/var/752/th/122,2026-08-15T16:08:49+00:00,2025-11-24 11:00:21,e8e1351b7c85d7f6acaacabb918443beba5fa9f96e13240ae4a5a898aa7a2319,normalize_bps_dynamic:v2,build_bps_canonical_panel:v1,api,source_snapshot=var-752-2022.json; source_var=752 [Metode Baru] Umur Harapan Hidup Saat Lahir Menurut Kabupaten/Kota (Hasil Long Form SP2020) di Provinsi Sumatera Barat; source_period=122:2022
bpsprov_918fda098286d7132aaadd28,bps_webapi,bps-webapi://domain/1300/var/139/th/124,2026-08-15T16:07:41+00:00,2025-11-10 08:58:50,251342ad404d217cc20ae828d1512570f22ea3d08b48ab8ffdfc91969c1e40d4,normalize_bps_dynamic:v2,build_bps_canonical_panel:v1,api,source_snapshot=var-139-2024.json; source_var=139 Tingkat Pengangguran Terbuka (TPT) Menurut Kabupaten/Kota; source_period=124:2024
bpsprov_9e38f491ad34cf0e81b46a4c,bps_webapi,bps-webapi://domain/1300/var/752/th/121,2026-08-15T16:08:49+00:00,2025-11-24 11:00:21,f7602a6c8fab05f1c7c2de1d1d575013a9e61f903d3ae517ec6d03cde6468414,normalize_bps_dynamic:v2,build_bps_canonical_panel:v1,api,source_snapshot=var-752-2021.json; source_var=752 [Metode Baru] Umur Harapan Hidup Saat Lahir Menurut Kabupaten/Kota (Hasil Long Form SP2020) di Provinsi Sumatera Barat; source_period=121:2021
bpsprov_9f007283e860b95b8b264353,bps_webapi,bps-webapi://domain/1300/var/34/th/120,2026-08-15T16:08:58+00:00,2025-10-31 09:52:31,a3ca7693e5d3468d861a81728e24ec0cd3def481c498d6b436c00049307019cb,normalize_bps_dynamic:v2,build_bps_canonical_panel:v1,api,source_snapshot=var-34-2020.json; source_var=34 Persentase Penduduk Miskin Menurut Kabupaten/Kota di Sumatera Barat; source_period=120:2020
bpsprov_9f88a954aaf0cb2c0d1de1d4,bps_webapi,bps-webapi://domain/1300/var/361/th/125,2026-08-15T16:08:23+00:00,2025-11-10 11:38:08,2e1b784fd05cdd69052c7d427a10c315d98015941abf219fa68cdb2c534ebea7,normalize_bps_dynamic:v2,build_bps_canonical_panel:v1,api,source_snapshot=var-361-2025.json; source_var=361 [Metode Baru] Harapan Lama Sekolah Menurut Kabupaten/Kota di Provinsi Sumatera Barat; source_period=125:2025
bpsprov_a3a2aed09ac98b164a7cf8f1,bps_webapi,bps-webapi://domain/1300/var/34/th/119,2026-08-15T16:08:58+00:00,2025-10-31 09:52:31,acfe1fbc7f9dc5e5fe72c4766494df82992b6a7639e5bf078284d20dcd20189a,normalize_bps_dynamic:v2,build_bps_canonical_panel:v1,api,source_snapshot=var-34-2019.json; source_var=34 Persentase Penduduk Miskin Menurut Kabupaten/Kota di Sumatera Barat; source_period=119:2019
bpsprov_a4d570f5955cf0ac7ac1e29f,bps_webapi,bps-webapi://domain/1300/var/139/th/125,2026-08-15T16:07:41+00:00,2025-11-10 08:58:50,127a3e2173fa27378381b28daa3d90cd710f3e437afe42ca3fa40a06d4e078bc,normalize_bps_dynamic:v2,build_bps_canonical_panel:v1,api,source_snapshot=var-139-2025.json; source_var=139 Tingkat Pengangguran Terbuka (TPT) Menurut Kabupaten/Kota; source_period=125:2025
bpsprov_a520a7adb1d65c06bcc0f6e1,bps_webapi,bps-webapi://domain/1300/var/139/th/118,2026-08-15T16:07:41+00:00,2025-11-10 08:58:50,6367584f29ac8e7cc2bf3762b34b0f9730b67a50e4d7e328352f067409ecc312,normalize_bps_dynamic:v2,build_bps_canonical_panel:v1,api,source_snapshot=var-139-2018.json; source_var=139 Tingkat Pengangguran Terbuka (TPT) Menurut Kabupaten/Kota; source_period=118:2018
bpsprov_a83779be89bfd96d3de692bb,bps_webapi,bps-webapi://domain/1300/var/752/th/125,2026-08-15T16:08:49+00:00,2025-11-24 11:00:21,7371984e082238e8205bec179bfa33001161f178711ea09e35e91f3d55e656c6,normalize_bps_dynamic:v2,build_bps_canonical_panel:v1,api,source_snapshot=var-752-2025.json; source_var=752 [Metode Baru] Umur Harapan Hidup Saat Lahir Menurut Kabupaten/Kota (Hasil Long Form SP2020) di Provinsi Sumatera Barat; source_period=125:2025
bpsprov_add5eeaff99a0a19ee63ba76,bps_webapi,bps-webapi://domain/1300/var/363/th/124,2026-08-15T16:08:36+00:00,2025-11-10 11:23:03,193fcb14654a8cd5ed019ecfb6464c800d3247449e14c539bdfeb9d15e863806,normalize_bps_dynamic:v2,build_bps_canonical_panel:v1,api,source_snapshot=var-363-2024.json; source_var=363 [Metode Baru] Rata-Rata Lama Sekolah Menurut Kabupaten/Kota di Provinsi Sumatera Barat; source_period=124:2024
bpsprov_ae12c79ade84e1b148c84799,bps_webapi,bps-webapi://domain/1300/var/138/th/125,2026-08-15T16:09:12+00:00,2026-02-27 09:56:39,c51df5f6cffcd43478df8a4534994c8f1f5f4eaef241bbfd12dc584f96459171,normalize_bps_dynamic:v2,build_bps_canonical_panel:v1,api,source_snapshot=var-138-2025.json; source_var=138 Laju Pertumbuhan Produk Domestik Regional Bruto Atas Dasar Harga Konstan 2010 Menurut Kabupaten/Kota; source_period=125:2025
bpsprov_ba6ebf736b043a24fb0a8367,bps_webapi,bps-webapi://domain/1300/var/141/th/122,2026-08-15T16:07:55+00:00,2025-11-10 09:03:05,2c4fc3c065aea898c1e2f0b59014f616d9c1e3a2d3a067a27cceccc56120668a,normalize_bps_dynamic:v2,build_bps_canonical_panel:v1,api,source_snapshot=var-141-2022.json; source_var=141 Tingkat Partisipasi Angkatan Kerja (TPAK) Menurut Kabupaten/Kota; source_period=122:2022
bpsprov_bccddeee99a0b0cc8ae3b0bf,bps_webapi,bps-webapi://domain/1300/var/752/th/120,2026-08-15T16:08:49+00:00,2025-11-24 11:00:21,47a18c9d75c0965f613c970ed69e302947ee010d81d959b55c5a709d82f8fc2b,normalize_bps_dynamic:v2,build_bps_canonical_panel:v1,api,source_snapshot=var-752-2020.json; source_var=752 [Metode Baru] Umur Harapan Hidup Saat Lahir Menurut Kabupaten/Kota (Hasil Long Form SP2020) di Provinsi Sumatera Barat; source_period=120:2020
bpsprov_c606bbf051bf5fb073102493,bps_webapi,bps-webapi://domain/1300/var/361/th/120,2026-08-15T16:08:23+00:00,2025-11-10 11:38:08,e813e2dac60aa22f3070d2bfb88bede3f823cf6c6d8addf6cec2fa8de3a170c3,normalize_bps_dynamic:v2,build_bps_canonical_panel:v1,api,source_snapshot=var-361-2020.json; source_var=361 [Metode Baru] Harapan Lama Sekolah Menurut Kabupaten/Kota di Provinsi Sumatera Barat; source_period=120:2020
bpsprov_cde052e57f05b91e06c2e261,bps_webapi,bps-webapi://domain/1300/var/361/th/123,2026-08-15T16:08:23+00:00,2025-11-10 11:38:08,900e2c403fa28402b2a0dfa69f4a7e5bf28290e85a0014988307816e11e02940,normalize_bps_dynamic:v2,build_bps_canonical_panel:v1,api,source_snapshot=var-361-2023.json; source_var=361 [Metode Baru] Harapan Lama Sekolah Menurut Kabupaten/Kota di Provinsi Sumatera Barat; source_period=123:2023
bpsprov_ce6b2b59b7187847c132bfad,bps_webapi,bps-webapi://domain/1300/var/363/th/123,2026-08-15T16:08:36+00:00,2025-11-10 11:23:03,ffbe58e60707bdbb99c3a1e095eb601136ef0896e1932ebd1b9ad610f5ed950a,normalize_bps_dynamic:v2,build_bps_canonical_panel:v1,api,source_snapshot=var-363-2023.json; source_var=363 [Metode Baru] Rata-Rata Lama Sekolah Menurut Kabupaten/Kota di Provinsi Sumatera Barat; source_period=123:2023
bpsprov_d7adc77cd028b6d503ff15ea,bps_webapi,bps-webapi://domain/1300/var/752/th/123,2026-08-15T16:08:49+00:00,2025-11-24 11:00:21,252fcf9074b7bfaa032ba66f453d30152ae5ccfce42f8318165c8f1835e5f173,normalize_bps_dynamic:v2,build_bps_canonical_panel:v1,api,source_snapshot=var-752-2023.json; source_var=752 [Metode Baru] Umur Harapan Hidup Saat Lahir Menurut Kabupaten/Kota (Hasil Long Form SP2020) di Provinsi Sumatera Barat; source_period=123:2023
bpsprov_da6907579350f5a1fd4daaa4,bps_webapi,bps-webapi://domain/1300/var/141/th/124,2026-08-15T16:07:55+00:00,2025-11-10 09:03:05,9bd53425bb8825d3d0a15ab62ab0ee13a71a1f3d7c5f8335913a9da17d2fcb5c,normalize_bps_dynamic:v2,build_bps_canonical_panel:v1,api,source_snapshot=var-141-2024.json; source_var=141 Tingkat Partisipasi Angkatan Kerja (TPAK) Menurut Kabupaten/Kota; source_period=124:2024
bpsprov_dca86ab5cd51810aef6250d8,bps_webapi,bps-webapi://domain/1300/var/138/th/123,2026-08-15T16:09:12+00:00,2026-02-27 09:56:39,1c3f181948af16b420e2fb375906e259ff87e9634f3bfbb2a9f1d7fa4246237d,normalize_bps_dynamic:v2,build_bps_canonical_panel:v1,api,source_snapshot=var-138-2023.json; source_var=138 Laju Pertumbuhan Produk Domestik Regional Bruto Atas Dasar Harga Konstan 2010 Menurut Kabupaten/Kota; source_period=123:2023
bpsprov_e1c353a6f64bb5cc8feebc91,bps_webapi,bps-webapi://domain/1300/var/141/th/119,2026-08-15T16:07:55+00:00,2025-11-10 09:03:05,df6deef0bf6ebf6239f8e3335e07891429567be2bb225b99c16b214ca0d6f62e,normalize_bps_dynamic:v2,build_bps_canonical_panel:v1,api,source_snapshot=var-141-2019.json; source_var=141 Tingkat Partisipasi Angkatan Kerja (TPAK) Menurut Kabupaten/Kota; source_period=119:2019
bpsprov_e5a920fca830644335e66025,bps_webapi,bps-webapi://domain/1300/var/138/th/120,2026-08-15T16:09:12+00:00,2026-02-27 09:56:39,e0a9216e2cb572f0370da9b8117a31b5c23ad583c1ad64833cea21bbb76b0736,normalize_bps_dynamic:v2,build_bps_canonical_panel:v1,api,source_snapshot=var-138-2020.json; source_var=138 Laju Pertumbuhan Produk Domestik Regional Bruto Atas Dasar Harga Konstan 2010 Menurut Kabupaten/Kota; source_period=120:2020
bpsprov_f15e0f6de3fc2b7c85e7802c,bps_webapi,bps-webapi://domain/1300/var/139/th/119,2026-08-15T16:07:41+00:00,2025-11-10 08:58:50,a9cf94b784a45750b2fcc7bce0d8341648869d79705596ab654e31f46b1afb66,normalize_bps_dynamic:v2,build_bps_canonical_panel:v1,api,source_snapshot=var-139-2019.json; source_var=139 Tingkat Pengangguran Terbuka (TPT) Menurut Kabupaten/Kota; source_period=119:2019
bpsprov_f60c2c4420f7deee0700f3c4,bps_webapi,bps-webapi://domain/1300/var/139/th/121,2026-08-15T16:07:41+00:00,2025-11-10 08:58:50,095d8d0de4205143f631323cf855a81142639dd2c003e2629adf031361820ce2,normalize_bps_dynamic:v2,build_bps_canonical_panel:v1,api,source_snapshot=var-139-2021.json; source_var=139 Tingkat Pengangguran Terbuka (TPT) Menurut Kabupaten/Kota; source_period=121:2021
bpsprov_f9d23f023457ad4f89bddd43,bps_webapi,bps-webapi://domain/1300/var/138/th/121,2026-08-15T16:09:12+00:00,2026-02-27 09:56:39,1832ae93389969c95cb1b12946423d1b394144b4915bd79c9b71ad4581b1fe51,normalize_bps_dynamic:v2,build_bps_canonical_panel:v1,api,source_snapshot=var-138-2021.json; source_var=138 Laju Pertumbuhan Produk Domestik Regional Bruto Atas Dasar Harga Konstan 2010 Menurut Kabupaten/Kota; source_period=121:2021
