series_id,indicator_id,bps_var_id,year,period_available,period_id,selected_turvar_id,selected_turvar_label,selected_turth_id,selected_turth_label,stable32_required_count,vertical_dimension,source_title,source_unit,source_last_update,selected_row_count_all_geographies,stable32_selected_count,missing_stable32_codes,duplicate_stable32_codes,selected_excluded_current_codes,nonfinite_stable32_value_count,expected_source_unit_match,exact_selector_labels_match,probe_pass,hold_reasons,normalizer_observed_values,semantic_sha256
m5_poverty_march,poverty_rate,192,2018,True,118,434,Jumlah,61,Semester 1 (Maret),32,38 Provinsi,Persentase Penduduk Miskin (P0) Menurut Provinsi dan Daerah,Persen,2026-08-05 12:36:39,35,32,,,9100|9400,0,True,True,True,,208,3f799366bff8490e041ca3696f4f55df149bddb8e2b83ae5b37523ff537fbd54
m5_poverty_march,poverty_rate,192,2019,True,119,434,Jumlah,61,Semester 1 (Maret),32,38 Provinsi,Persentase Penduduk Miskin (P0) Menurut Provinsi dan Daerah,Persen,2026-08-05 12:36:39,35,32,,,9100|9400,0,True,True,True,,208,30376f3cd61e335c1701068bacbab6242c0630a85a39a6e61a440a4e232d8ae0
m5_poverty_march,poverty_rate,192,2020,True,120,434,Jumlah,61,Semester 1 (Maret),32,38 Provinsi,Persentase Penduduk Miskin (P0) Menurut Provinsi dan Daerah,Persen,2026-08-05 12:36:39,35,32,,,9100|9400,0,True,True,True,,208,a773b9176e5c7580bf250fb227a1573653ac1f699250bcd410beba52dd3bb725
m5_poverty_march,poverty_rate,192,2021,True,121,434,Jumlah,61,Semester 1 (Maret),32,38 Provinsi,Persentase Penduduk Miskin (P0) Menurut Provinsi dan Daerah,Persen,2026-08-05 12:36:39,35,32,,,9100|9400,0,True,True,True,,208,f900251b089e9a5ea36b9275d055bfdd1f176625c8c1bc2cc28ab5639d57cb82
m5_poverty_march,poverty_rate,192,2022,True,122,434,Jumlah,61,Semester 1 (Maret),32,38 Provinsi,Persentase Penduduk Miskin (P0) Menurut Provinsi dan Daerah,Persen,2026-08-05 12:36:39,35,32,,,9100|9400,0,True,True,True,,208,0ae9b46e80ad6bf8ecc4c58de367df4b67b0b66c1345f17163de03f36ac0a4df
m5_poverty_march,poverty_rate,192,2023,True,123,434,Jumlah,61,Semester 1 (Maret),32,38 Provinsi,Persentase Penduduk Miskin (P0) Menurut Provinsi dan Daerah,Persen,2026-08-05 12:36:39,35,32,,,9100|9400,0,True,True,True,,104,8d3e30a1f77c976e52d1d56f10d78da43f395bdd65680d4232749ccb104eb5b8
m5_poverty_march,poverty_rate,192,2024,True,124,434,Jumlah,61,Semester 1 (Maret),32,38 Provinsi,Persentase Penduduk Miskin (P0) Menurut Provinsi dan Daerah,Persen,2026-08-05 12:36:39,39,32,,,9100|9200|9400|9500|9600|9700,0,True,True,True,,232,78a9d5b18c46165f3ab91b2a82ff087eee6c57f4be164549ef698b24cdb77e08
m5_poverty_march,poverty_rate,192,2025,True,125,434,Jumlah,61,Semester 1 (Maret),32,38 Provinsi,Persentase Penduduk Miskin (P0) Menurut Provinsi dan Daerah,Persen,2026-08-05 12:36:39,39,32,,,9100|9200|9400|9500|9600|9700,0,True,True,True,,232,68ffbfcd56dd7c28f0404caaff4334b95096d74d8a4fcbd79100cd34c161ada9
m5_gini_march,gini_ratio,98,2018,True,118,191,Perkotaan+Perdesaan,61,Semester 1 (Maret),32,38 Provinsi,Gini Ratio Menurut Provinsi dan Daerah,,2026-08-05 12:26:57,35,32,,,9100|9400,0,True,True,True,,208,39a9c2836b28bd93a78c33bc54a4972c9b9c36572c64226b36df95e630cfa673
m5_gini_march,gini_ratio,98,2019,True,119,191,Perkotaan+Perdesaan,61,Semester 1 (Maret),32,38 Provinsi,Gini Ratio Menurut Provinsi dan Daerah,,2026-08-05 12:26:57,35,32,,,9100|9400,0,True,True,True,,208,db3077118f5d5454f9812de7a6f78006e4c7fac87e86d2583ee57f3b5e716748
m5_gini_march,gini_ratio,98,2020,True,120,191,Perkotaan+Perdesaan,61,Semester 1 (Maret),32,38 Provinsi,Gini Ratio Menurut Provinsi dan Daerah,,2026-08-05 12:26:57,35,32,,,9100|9400,0,True,True,True,,208,a803d21e8777e81ed3ae7505294eb89af1e64f186d0b7fbaa0e9a0854891bc80
m5_gini_march,gini_ratio,98,2021,True,121,191,Perkotaan+Perdesaan,61,Semester 1 (Maret),32,38 Provinsi,Gini Ratio Menurut Provinsi dan Daerah,,2026-08-05 12:26:57,35,32,,,9100|9400,0,True,True,True,,208,3633bce51c1a233679c64cb84bd6f41f279cc6d3b279d68ff7c882bd7daa865a
m5_gini_march,gini_ratio,98,2022,True,122,191,Perkotaan+Perdesaan,61,Semester 1 (Maret),32,38 Provinsi,Gini Ratio Menurut Provinsi dan Daerah,,2026-08-05 12:26:57,35,32,,,9100|9400,0,True,True,True,,208,dd688016df3585087a633b66c190ad782a2ac114f30198fd3c6d04a3c0cdcf05
m5_gini_march,gini_ratio,98,2023,True,123,191,Perkotaan+Perdesaan,61,Semester 1 (Maret),32,38 Provinsi,Gini Ratio Menurut Provinsi dan Daerah,,2026-08-05 12:26:57,35,32,,,9100|9400,0,True,True,True,,104,eefc7f359987f293ddde3c3c5e1b1c39b7bd8f5dbdfc34bfeb2c12be15e68722
m5_gini_march,gini_ratio,98,2024,True,124,191,Perkotaan+Perdesaan,61,Semester 1 (Maret),32,38 Provinsi,Gini Ratio Menurut Provinsi dan Daerah,,2026-08-05 12:26:57,39,32,,,9100|9200|9400|9500|9600|9700,0,True,True,True,,232,3012c1c18a8515fe878a975a9a47a2f98efaae86ecc98a4660613969e96c2547
m5_gini_march,gini_ratio,98,2025,True,125,191,Perkotaan+Perdesaan,61,Semester 1 (Maret),32,38 Provinsi,Gini Ratio Menurut Provinsi dan Daerah,,2026-08-05 12:26:57,39,32,,,9100|9200|9400|9500|9600|9700,0,True,True,True,,232,85aa46df38716912ab3d67ec0d2c6f71e8de0ac1520c3a8e39e9886c5ebb385a
m5_unemployment_august,unemployment_rate,543,2018,True,118,0,Tidak ada,190,Agustus,32,38 Provinsi,Tingkat Pengangguran Terbuka Menurut Provinsi,Persen,2026-05-06 15:41:30,35,32,,,9100|9400,0,True,True,True,,70,698790c3b714846f174d3f576a0f9d5155989907f23d2fae92a889c62acf0e5d
m5_unemployment_august,unemployment_rate,543,2019,True,119,0,Tidak ada,190,Agustus,32,38 Provinsi,Tingkat Pengangguran Terbuka Menurut Provinsi,Persen,2026-05-06 15:41:30,35,32,,,9100|9400,0,True,True,True,,70,8f9dd20a88dcf87fa7258152c8e30274f9246a3c53383c38d20a8c74fbcacb50
m5_unemployment_august,unemployment_rate,543,2020,True,120,0,Tidak ada,190,Agustus,32,38 Provinsi,Tingkat Pengangguran Terbuka Menurut Provinsi,Persen,2026-05-06 15:41:30,35,32,,,9100|9400,0,True,True,True,,70,d58362cdd5dc28fa393e194d033fcf76045e53093a81bf23e66f645d8b2fa408
m5_unemployment_august,unemployment_rate,543,2021,True,121,0,Tidak ada,190,Agustus,32,38 Provinsi,Tingkat Pengangguran Terbuka Menurut Provinsi,Persen,2026-05-06 15:41:30,35,32,,,9100|9400,0,True,True,True,,70,8cbf01e27cd7802044b46af3dc0a4cd3ba8099eefe23b3007fd0309e85b598e0
m5_unemployment_august,unemployment_rate,543,2022,True,122,0,Tidak ada,190,Agustus,32,38 Provinsi,Tingkat Pengangguran Terbuka Menurut Provinsi,Persen,2026-05-06 15:41:30,35,32,,,9100|9400,0,True,True,True,,70,932c2dcacd3d2a9e96701bc3007a89ef0dbec8454902c6ed5112be36817f3f23
m5_unemployment_august,unemployment_rate,543,2023,True,123,0,Tidak ada,190,Agustus,32,38 Provinsi,Tingkat Pengangguran Terbuka Menurut Provinsi,Persen,2026-05-06 15:41:30,35,32,,,9100|9400,0,True,True,True,,70,138ae3565231c4ab200df90d22f1cf2f39d9e70e42323540c8b30f536b38b31c
m5_unemployment_august,unemployment_rate,543,2024,True,124,0,Tidak ada,190,Agustus,32,38 Provinsi,Tingkat Pengangguran Terbuka Menurut Provinsi,Persen,2026-05-06 15:41:30,39,32,,,9100|9200|9400|9500|9600|9700,0,True,True,True,,78,60844cb34027da8f520068c88b20e9181c82e6f801c55acb7feea6a70bddc7be
m5_unemployment_august,unemployment_rate,543,2025,True,125,0,Tidak ada,190,Agustus,32,38 Provinsi,Tingkat Pengangguran Terbuka Menurut Provinsi,Persen,2026-05-06 15:41:30,39,32,,,9100|9200|9400|9500|9600|9700,0,True,True,True,,78,3f08dbc77d27ad2d1804964cbe8378c4d6f52b5712dffb40ce10692823cc748c
m5_underemployment_source_period,underemployment_rate,1181,2018,True,118,0,Tidak ada,0,Tahun,32,38 Provinsi,Tingkat Setengah Pengangguran Menurut Provinsi,Persen,2026-02-24 13:56:37,35,32,,,9100|9400,0,True,True,True,,35,710e6456612ab5624baf65341dc17487e9e43b6dfb7a6cfd3f996bead79f8d3e
m5_underemployment_source_period,underemployment_rate,1181,2019,True,119,0,Tidak ada,0,Tahun,32,38 Provinsi,Tingkat Setengah Pengangguran Menurut Provinsi,Persen,2026-02-24 13:56:37,35,32,,,9100|9400,0,True,True,True,,35,5bfd168dfb5b7323232fbfc885c3c10c9e55e35f96f56b472fbb9e5df7f44a38
m5_underemployment_source_period,underemployment_rate,1181,2020,True,120,0,Tidak ada,0,Tahun,32,38 Provinsi,Tingkat Setengah Pengangguran Menurut Provinsi,Persen,2026-02-24 13:56:37,35,32,,,9100|9400,0,True,True,True,,35,209159dea9cafb11e9aa98d584ca6fe2409fe2012c5c574a53ab6257b54be431
m5_underemployment_source_period,underemployment_rate,1181,2021,True,121,0,Tidak ada,0,Tahun,32,38 Provinsi,Tingkat Setengah Pengangguran Menurut Provinsi,Persen,2026-02-24 13:56:37,35,32,,,9100|9400,0,True,True,True,,35,7d4b057ce9fb5b14379ea5b8edbdb66491c4b6951ed26a32246f311860d2025b
m5_underemployment_source_period,underemployment_rate,1181,2022,True,122,0,Tidak ada,0,Tahun,32,38 Provinsi,Tingkat Setengah Pengangguran Menurut Provinsi,Persen,2026-02-24 13:56:37,35,32,,,9100|9400,0,True,True,True,,35,212d8462c0b18470f1c653cf3ecd8e8470aa0dcc6de8d54f5e4b1d4f75b4daf6
m5_underemployment_source_period,underemployment_rate,1181,2023,True,123,0,Tidak ada,0,Tahun,32,38 Provinsi,Tingkat Setengah Pengangguran Menurut Provinsi,Persen,2026-02-24 13:56:37,35,32,,,9100|9400,0,True,True,True,,35,34fdf6d8ce4185f35797c41afb1a8719c4c727340e89555d682b63522a4be0e2
m5_underemployment_source_period,underemployment_rate,1181,2024,True,124,0,Tidak ada,0,Tahun,32,38 Provinsi,Tingkat Setengah Pengangguran Menurut Provinsi,Persen,2026-02-24 13:56:37,39,32,,,9100|9200|9400|9500|9600|9700,0,True,True,True,,39,59305e326a1c6de37104b1c3852d6c4842f20b84cd1a4e8d2dacf364de064f01
m5_underemployment_source_period,underemployment_rate,1181,2025,True,125,0,Tidak ada,0,Tahun,32,38 Provinsi,Tingkat Setengah Pengangguran Menurut Provinsi,Persen,2026-02-24 13:56:37,39,32,,,9100|9200|9400|9500|9600|9700,0,True,True,True,,39,95c4258d1249fbbb6c598198b47705f906ce63e90137ac12b39da4720622d4d4
m5_real_grdp_pc_adhk2010,real_grdp_per_capita,288,2018,True,118,531,Harga Konstan 2010,0,Tahun,32,38 Provinsi,[Seri 2010] Produk Domestik Regional Bruto Per Kapita,Ribu Rupiah,2026-02-19 10:24:55,35,32,,,9100|9400,0,True,True,True,,70,02d9a52ced4abfa28eaad5c8436d2d1b726ab7def21873f67f8fb3e429b3dee8
m5_real_grdp_pc_adhk2010,real_grdp_per_capita,288,2019,True,119,531,Harga Konstan 2010,0,Tahun,32,38 Provinsi,[Seri 2010] Produk Domestik Regional Bruto Per Kapita,Ribu Rupiah,2026-02-19 10:24:55,35,32,,,9100|9400,0,True,True,True,,70,be6e219c05906e7235657931c42cc714d8f0398b7804ee29f348abb530dac14d
m5_real_grdp_pc_adhk2010,real_grdp_per_capita,288,2020,True,120,531,Harga Konstan 2010,0,Tahun,32,38 Provinsi,[Seri 2010] Produk Domestik Regional Bruto Per Kapita,Ribu Rupiah,2026-02-19 10:24:55,35,32,,,9100|9400,0,True,True,True,,70,a4f5ad4d3d0d7c0c8f8a1dfda2b08a0e98d3177950968c258e1a8f25029df8a0
m5_real_grdp_pc_adhk2010,real_grdp_per_capita,288,2021,True,121,531,Harga Konstan 2010,0,Tahun,32,38 Provinsi,[Seri 2010] Produk Domestik Regional Bruto Per Kapita,Ribu Rupiah,2026-02-19 10:24:55,35,32,,,9100|9400,0,True,True,True,,70,d123a87bf06ad0aa74ffbb253f22da24e23877fa683922b7207de573b9f20964
m5_real_grdp_pc_adhk2010,real_grdp_per_capita,288,2022,True,122,531,Harga Konstan 2010,0,Tahun,32,38 Provinsi,[Seri 2010] Produk Domestik Regional Bruto Per Kapita,Ribu Rupiah,2026-02-19 10:24:55,35,32,,,9100|9400,0,True,True,True,,70,23db17c6cb968146880d639773ccdbe9627c331969f6cdd87b07a0d458a6a9d6
m5_real_grdp_pc_adhk2010,real_grdp_per_capita,288,2023,True,123,531,Harga Konstan 2010,0,Tahun,32,38 Provinsi,[Seri 2010] Produk Domestik Regional Bruto Per Kapita,Ribu Rupiah,2026-02-19 10:24:55,39,32,,,9100|9200|9400|9500|9600|9700,0,True,True,True,,78,8b3124f1cb1c1ac67131511bf8395c8d6145550df778686835c0825a03401cc2
m5_real_grdp_pc_adhk2010,real_grdp_per_capita,288,2024,True,124,531,Harga Konstan 2010,0,Tahun,32,38 Provinsi,[Seri 2010] Produk Domestik Regional Bruto Per Kapita,Ribu Rupiah,2026-02-19 10:24:55,39,32,,,9100|9200|9400|9500|9600|9700,0,True,True,True,,78,2c26aed4f878076d94a95b2a0963836cad866b27465accdcdd022506bc273375
m5_real_grdp_pc_adhk2010,real_grdp_per_capita,288,2025,True,125,531,Harga Konstan 2010,0,Tahun,32,38 Provinsi,[Seri 2010] Produk Domestik Regional Bruto Per Kapita,Ribu Rupiah,2026-02-19 10:24:55,39,32,,,9100|9200|9400|9500|9600|9700,0,True,True,True,,78,69025b7866a4b435cef9bcc2ef81374258eb81db8a0ae89eb8a062dd5ea1565b
m5_neet_source_period,neet_rate,1186,2018,True,118,0,Tidak ada,0,Tahun,32,38 Provinsi,"Persentase Usia Muda (15-24 Tahun) Yang Sedang Tidak Sekolah, Bekerja Atau Mengikuti Pelatihan",Persen,2026-02-24 13:59:30,35,32,,,9100|9400,0,True,True,True,,35,5e815f0de10a35273a704d90b423b2c42f82e04fe5c97f6b0a9f2e7e9bc394c7
m5_neet_source_period,neet_rate,1186,2019,True,119,0,Tidak ada,0,Tahun,32,38 Provinsi,"Persentase Usia Muda (15-24 Tahun) Yang Sedang Tidak Sekolah, Bekerja Atau Mengikuti Pelatihan",Persen,2026-02-24 13:59:30,35,32,,,9100|9400,0,True,True,True,,35,23970815d7161f9bfca5b3b5ab36492a9faee6c5c3efea250b6ee78b934a95da
m5_neet_source_period,neet_rate,1186,2020,True,120,0,Tidak ada,0,Tahun,32,38 Provinsi,"Persentase Usia Muda (15-24 Tahun) Yang Sedang Tidak Sekolah, Bekerja Atau Mengikuti Pelatihan",Persen,2026-02-24 13:59:30,35,32,,,9100|9400,0,True,True,True,,35,7fa0eab4c16c3a2299fa04f16779e24df546dbbaf5a7694e9b82e40b8e2048a5
m5_neet_source_period,neet_rate,1186,2021,True,121,0,Tidak ada,0,Tahun,32,38 Provinsi,"Persentase Usia Muda (15-24 Tahun) Yang Sedang Tidak Sekolah, Bekerja Atau Mengikuti Pelatihan",Persen,2026-02-24 13:59:30,35,32,,,9100|9400,0,True,True,True,,35,dcb8ec5c39ff1fb8b5e5038e849bd02f7a913b8681ce2845b2dc6c27c5d8ad0a
m5_neet_source_period,neet_rate,1186,2022,True,122,0,Tidak ada,0,Tahun,32,38 Provinsi,"Persentase Usia Muda (15-24 Tahun) Yang Sedang Tidak Sekolah, Bekerja Atau Mengikuti Pelatihan",Persen,2026-02-24 13:59:30,35,32,,,9100|9400,0,True,True,True,,35,8ad0ffaaac91593333b76d5fd4eed93fd20fe58810dc11ebccc5f38374965aab
m5_neet_source_period,neet_rate,1186,2023,True,123,0,Tidak ada,0,Tahun,32,38 Provinsi,"Persentase Usia Muda (15-24 Tahun) Yang Sedang Tidak Sekolah, Bekerja Atau Mengikuti Pelatihan",Persen,2026-02-24 13:59:30,35,32,,,9100|9400,0,True,True,True,,35,7b7a8715eed541662574ae7ca4119f696f2955f7917a6f4a36d48ad56c413e85
m5_neet_source_period,neet_rate,1186,2024,True,124,0,Tidak ada,0,Tahun,32,38 Provinsi,"Persentase Usia Muda (15-24 Tahun) Yang Sedang Tidak Sekolah, Bekerja Atau Mengikuti Pelatihan",Persen,2026-02-24 13:59:30,39,32,,,9100|9200|9400|9500|9600|9700,0,True,True,True,,39,68de653010cc9fbe7b90884512820c530d7b7f9da422fd938a547010bb2d0b6b
m5_neet_source_period,neet_rate,1186,2025,True,125,0,Tidak ada,0,Tahun,32,38 Provinsi,"Persentase Usia Muda (15-24 Tahun) Yang Sedang Tidak Sekolah, Bekerja Atau Mengikuti Pelatihan",Persen,2026-02-24 13:59:30,39,32,,,9100|9200|9400|9500|9600|9700,0,True,True,True,,39,8d676d28533e079008f8003a33c38d972dd13960e66e5f5e0d4be2fed1c8e1e9
