finding_id,finding_type,claim_class,statement,source_paths,boundary_regime,causal_claim,status
m6_boundary_discontinuity_1957,boundary_constraint,qualitative_evidence,The 1957 Sumatera Tengah reorganization is an analytical boundary break; earlier Sumatera Tengah observations cannot be concatenated directly with later Sumatera Barat.,data/registries/historical_geography_events.csv,source_era,false,qualified_constraint
m6_population_1971_anchor,historical_anchor,observed_data,"The qualified 1971 source-era Sumatera Barat population anchor is 2,789,822 persons; its 14 local source-era rows sum exactly to the province total.",data/processed/bps/historical_population_source_native.csv,idn.13.h1958_source_era,false,qualified_anchor
m6_climate_1997_1998_signal,climate_diagnostic,model_estimate,"Within the fixed June 2026 current-boundary CHIRPS frame, all 19 kabupaten/kota are wetter in 1998 than 1997; the geography-level increase ranges from 43.05% to 162.90%. This is a descriptive regional signal, not a station observation or causal ENSO estimate.",data/processed/climate/rainfall/chirps-annual-rainfall-observations.csv|data/processed/climate/rainfall/chirps-rainfall-materialization.manifest.json,fixed_current_boundary_june_2026,false,descriptive_signal_pending_station_validation
m6_modern_expected_years_schooling_endpoint,modern_descriptive_trend,derived_statistic,expected_years_schooling changes from 13.95 years in 2018 to 14.31 years in 2025 (increase; absolute change 0.36 years).,data/processed/bps/panel/bps-canonical-observations.csv,current_sumatera_barat_bps,false,descriptive_only
m6_modern_life_expectancy_endpoint,modern_descriptive_trend,derived_statistic,life_expectancy changes from 73.5 years in 2020 to 74.69 years in 2025 (increase; absolute change 1.19 years).,data/processed/bps/panel/bps-canonical-observations.csv,current_sumatera_barat_bps,false,descriptive_only
m6_modern_mean_years_schooling_endpoint,modern_descriptive_trend,derived_statistic,mean_years_schooling changes from 8.76 years in 2018 to 9.77 years in 2025 (increase; absolute change 1.01 years).,data/processed/bps/panel/bps-canonical-observations.csv,current_sumatera_barat_bps,false,descriptive_only
m6_modern_poverty_rate_endpoint,modern_descriptive_trend,derived_statistic,poverty_rate changes from 6.65 percent in 2018 to 5.35 percent in 2025 (decrease; absolute change -1.3 percent).,data/processed/bps/panel/bps-canonical-observations.csv,current_sumatera_barat_bps,false,descriptive_only
m6_modern_real_grdp_growth_endpoint,modern_descriptive_trend,derived_statistic,real_grdp_growth changes from 5.14 percent in 2018 to 3.37 percent in 2025 (decrease; absolute change -1.77 percent).,data/processed/bps/panel/bps-canonical-observations.csv,current_sumatera_barat_bps,false,descriptive_only
m6_grdp_2020_contraction,turning_point,derived_statistic,"Within the 2018-2025 BPS ADHK 2010 series, 2020 is the minimum annual real GRDP growth observation at -1.61 percent. The EDA records the timing and magnitude only and does not assign a cause.",data/processed/bps/panel/bps-canonical-observations.csv,current_sumatera_barat_bps,false,descriptive_turning_point
