year,source_period_type,total_sex_row_count,source_code_profile,source_integrity_decision,boundary_decision,reference_date_decision,population_total_promotion,population_growth_derivation,snapshot_sha256,notes
1971,census,15,source_era_15_codes,qualified_source_native,historical_local_boundary_lineage_required,exact_reference_date_not_qualified,hold_source_native_for_historical_mapping,blocked,1462bb033cb84ad08841ed37838678b2123cd989c2136abfe0df7050b3e4cda4,Province plus 14 source-era local rows; local current-boundary equivalence is not asserted.
1980,census,15,source_era_15_codes,qualified_source_native,historical_local_boundary_lineage_required,exact_reference_date_not_qualified,hold_source_native_for_historical_mapping,blocked,4628609fe7095b8c32962ac31b39e760b35da53765021137aa90e2fdf78abbd1,Province plus 14 source-era local rows; local current-boundary equivalence is not asserted.
1990,census,15,source_era_15_codes,qualified_source_native,historical_local_boundary_lineage_required,exact_reference_date_not_qualified,hold_source_native_for_historical_mapping,blocked,7bb4effe5fbf7bda0acb38aea89a50fb2c785db1d7b576b0de0967e3d70630a8,Province plus 14 source-era local rows; local current-boundary equivalence is not asserted.
1995,supas,15,anomalous_shifted_15_keys,hold_key_label_alignment_anomaly,not_evaluated_until_source_alignment_resolved,exact_reference_date_not_qualified,hold_all_rows,blocked,bc66afa41c73caff2be497d752b9e9d2f1563a0799822df1acf8250848913ab1,BPS API datacontent keys are structurally shifted versus current vervar metadata; do not repair by positional inference.
2000,census,16,source_era_16_codes,qualified_source_native,historical_local_boundary_lineage_required,exact_reference_date_not_qualified,hold_source_native_for_historical_mapping,blocked,486a7a63f1577dd6f9a22b6f67eac836f6beaeee34bcfe62f07aa7e4228c0d92,Province plus 15 source-era local rows; later current jurisdictions are absent and local current-boundary equivalence is not asserted.
2005,supas,20,current_20_code_set,qualified_source_native,current_code_set_present_boundary_continuity_not_yet_qualified,exact_reference_date_not_qualified,hold_until_boundary_and_reference_date_qualification,blocked,b99ed3df50c69ca969ae62f356e1a7b190010f1c1f26da8f9ee22a88c0a1ce95,"All province + 19 current source codes are present, but code presence alone does not prove boundary comparability or exact growth interval."
2010,census,20,current_20_code_set,qualified_source_native,current_code_set_present_boundary_continuity_not_yet_qualified,exact_reference_date_not_qualified,hold_until_boundary_and_reference_date_qualification,blocked,4a6ee47ef4e6c50512d100e091ddfe0554d2fd0e8f85596ceca3ea133b09ec86,"All province + 19 current source codes are present, but code presence alone does not prove boundary comparability or exact growth interval."
2015,supas,20,current_20_code_set,qualified_source_native,current_code_set_present_boundary_continuity_not_yet_qualified,exact_reference_date_not_qualified,hold_until_boundary_and_reference_date_qualification,blocked,b73c7623768bde2507f1a049683aeec3cf4f22f153d96ba8ee4187a491b3c01f,"All province + 19 current source codes are present, but code presence alone does not prove boundary comparability or exact growth interval."
2020,census,20,current_20_code_set,qualified_source_native,qualified_current_sp2020_in_existing_expansion,qualified_september_2020,already_canonical,blocked_adjacent_anchor_not_qualified,b49c14275ff49f14890302c831b47976bdde6599e5c526f5b6fa7f55b7b200bf,The existing expansion already promotes the 20 SP2020 total-sex rows with September 2020 reference bounds.
