krb_hazard_id,source_hazard_label,section_id,priority_and_scope_context_source_native,action_detail_status,claim_type,cross_source_taxonomy_equivalence_authorized,prediction_claim_authorized
flood,BANJIR,krb_4_2_1,"Rekomendasi pengurangan risiko bencana banjir diprioritaskan kepada daerah yang memiliki kelas risiko tinggi yaitu Kabupaten Pesisir Selatan, Solok, Sijunjung, Agam, Lima Puluh Kota, Pasaman, Kepulauan Mentawai, Dharmasraya, Solok Selatan, Pasaman Barat dan Kota Sawahlunto sehingga direkomendasikan kegiatan-kegiatan penataan ruang, mitigasi struktural dan penyuluhan/kampanye penyadartahuan masyarakat, seperti:",flat_actions_materialized,official_recommendation_priority_context,false,false
flash_flood,BANJIR BANDANG,krb_4_2_2,"Wilayah yang terdampak bencana banjir bandang untuk kelas risiko tinggi adalah Kabupaten Pesisir Selatan, Solok, Sijunjung, Tanah Datar, Padang Pariaman, Agam, Lima Puluh Kota, Pasaman, Kepulauan Mentawai, Dharmasraya, Solok Selatan, Pasaman Barat, Kota Padang, Kota Solok dan Kota Sawahlunto. Rekomendasi pengurangan risiko bencana banjir bandang antara lain melalui kegiatan-kegiatan penataan ruang, mitigasi struktural dan penyuluhan/kampanye penyadartahuan masyarakat, seperti:",flat_actions_materialized,official_recommendation_priority_context,false,false
extreme_weather,CUACA EKSTRIM,krb_4_2_3,"Bencana cuaca ekstrim (angin puting beliung) berpotensi terjadi di seluruh kabupaten/kota di Provinsi Sumatera Barat. Dari hasil pengkajian untuk rekomendasi prioritas pada daerah yang tergolong kelas risiko tinggi untuk cuaca ekstrim Kabupaten Pesisir Selatan, Solok, Tanah Datar, Padang Pariaman, Agam, Lima Puluh Kota, Pasaman, Dharmasraya, Pasaman Barat, Kota Padang, Kota Solok, Kota Padang Panjang, Kota Payakumbuh dan Kota Pariaman. Rekomendasi yang bisa dilakukan terkait adanya bahaya cuaca ekstrim antara lain:",flat_actions_materialized,official_recommendation_priority_context,false,false
extreme_wave_and_coastal_erosion,GELOMBANG EKSTRIM DAN ABRASI,krb_4_2_4,Bencana gelombang ekstrim dan abrasi berpotensi terjadi di 7 kabupaten/kota di pesisir Provinsi Sumatera Barat. Untuk Kabupaten Pesisir Selatan dan Kabupaten Pasaman Barat tergolong kelas risiko tinggi. Upaya-upaya yang dapat dilakukan dalam pencegahan dan pengurangan risiko bencana gelombang ekstrim dan abrasi sebagai berikut:,flat_actions_materialized,official_recommendation_priority_context,false,false
earthquake,GEMPABUMI,krb_4_2_5,"Gempabumi merupakan bencana geologi yang tidak bisa dicegah. Bencana gempabumi berpotensi terjadi di seluruh kabupaten/kota di Provinsi Sumatera Barat. Kabupaten Pesisir Selatan, Solok, Tanah Datar, Padang Pariaman, Agam, Lima Puluh Kota, Pasaman, Kepulauan Mentawai, Solok Selatan, Pasaman Barat, Kota Padang, Kota Solok, Kota Sawahlunto, Kota Padang Panjang, Kota Bukittinggi, Kota Payakumbuh dan Kota Pariaman merupakan daerah prioritas kelas risiko tinggi maka rekomendasi yang bisa dilakukan terkait adanya bahaya bencana gempabumi antara lain:",flat_actions_materialized,official_recommendation_priority_context,false,false
liquefaction,LIKUEFAKSI,krb_4_2_6,"Likuefaksi merupakan bencana ikutan dari adanya gempa, Bencana likuefaksi berpotensi memapar 16 kabupaten/kota (kecuali Kabupaten Kepulauan Mentawai, Kota Bukittinggi dan Padang Panjang) di Provinsi Sumatera Barat. Kabupaten Solok Selatan merupakan kabupaten/kota yang tergolong pada kelas risiko tinggi. Untuk daerah prioritas kelas risiko tinggi maka rekomendasi yang bisa dilakukan terkait adanya bahaya bencana likuefaksi antara lain:",flat_actions_materialized,official_recommendation_priority_context,false,false
forest_and_land_fire,KEBAKARAN HUTAN DAN LAHAN,krb_4_2_7,"Bencana kebakaran hutan dan lahan berpotensi terjadi di seluruh kabupaten/kota di Provinsi Sumatera Barat. Terdapat 6 (enam) Kota dan 1 (satu) Kabupaten di Provinsi Sumatera Barat memiliki kelas risiko Rendah, Selanjutnya 10 (sepuluh) kabupaten dan 1 (satu) kota tergolong kelas risiko sedang. Hanya Kabupaten Pesisir Selatan yang memiliki kelas risiko Tinggi. Upaya-upaya yang dapat dilakukan dalam pencegahan dan pengurangan risiko bencana kebakaran hutan dan lahan adalah sebagai berikut:",flat_actions_materialized,official_recommendation_priority_context,false,false
drought,KEKERINGAN,krb_4_2_8,"Bencana kekeringan secara umum meliputi seluruh wilayah kabupaten/kota di Provinsi Sumatera Barat. Jika dilihat dari rekapitulasi kelas bahaya, kerentanan dan kapasitas maka kelas risiko untuk bencana kekeringan di 16 kabupaten/kota di Provinsi Sumatera Barat tergolong sedang. Sedangkan Kota Payakumbuh tergolong kelas risiko rendah. Untuk Kabupaten Pesisir Selatan dan Kabupaten Kepulauan Mentawai berada pada kelas risiko tinggi. Rekomendasi terkait bencana kekeringan antara lain kegiatan melalui penataan ruang, pengelolaan penggunaan sumber daya air:",flat_actions_materialized,official_recommendation_priority_context,false,false
volcanic_eruption,LETUSAN GUNUNGAPI,krb_4_2_9,"Provinsi Sumatera Barat memiliki 5 buah gunungapi yang berdasarkan pengkajian semua gunung tersebut tergolong kelas risiko tinggi. Kabupaten Solok, Agam, Tanah datar, Padang Pariaman, Pasaman, Pasaman Barat, Solok Selatan, Kota Solok, Kota Padang Panjang merupakan wilayah yang berada pada kawasan rawan bencana letusan gunungapi. Untuk itu rekomendasi yang bisa dilakukan terkait adanya bahaya bencana letusan gunungapi antara lain:",flat_actions_materialized,official_recommendation_priority_context,false,false
landslide,TANAH LONGSOR,krb_4_2_10,"Wilayah yang terdampak bencana tanah longsor yang tergolong kelas risiko tinggi adalah Kabupaten Pesisir Selatan, Solok, Padang Pariaman, Agam, Lima Puluh Kota, Pasaman, Kepulauan Mentawai, Solok Selatan, Pasaman Barat, Kota Padang, Kota Solok dan Kota Sawahlunto. Rekomendasi terkait upaya pengurangan risiko bencana tanah longsor disesuaikan dengan akar permasalahan yang teridentifikasi sebagai berikut:",flat_actions_materialized,official_recommendation_priority_context,false,false
tsunami,TSUNAMI,krb_4_2_11,"Tsunami merupakan bencana yang tidak bisa dicegah, bencana tsunami berpotensi mengancam 7 kabupaten/kota yang daerahnya berada di pesisir Provinsi Sumatera Barat. Kabupaten Agam, Kepulauan Mentawai, Pasaman Barat, Pesisir Selatan, Kota Padang dan Kota Pariaman tergolong pada kelas risiko tinggi untuk bencana tsunami. Sedangkan Kabupaten Padang Pariaman menjadi satu-satunya wilayah yang memiliki kelas risiko sedang. Adapun rekomendasi untuk daerah prioritas tersebut yang bisa dilakukan terkait adanya bahaya tsunami antara lain:",flat_actions_materialized,official_recommendation_priority_context,false,false
epidemic_and_disease_outbreak,EPIDEMI DAN WABAH PENYAKIT,krb_4_2_12,"Pemerintah melalui Kementerian Perencanaan Pembangunan Nasional (PPN)/Bappenas akan menambahkan penguatan sektor kesehatan pada Rencana Kerja Pemerintah (RKP) 2021. Penguatan dilakukan dengan reformasi beberapa komponen yang sudah ada dalam sistem kesehatan di Indonesia. Reformasi ditekankan pada 8 area yaitu pendidikan dan penempatan tenaga kesehatan, penguatan puskesmas, peningkatan kualitas rumah sakit dan pelayanan kesehatan Daerah Terpencil Perbatasan Kepulauan (DPTK), kemandirian farmasi dan alat kesehatan, ketahanan kesehatan, pengendalian penyakit dan imunisasi, pembiayaan kesehatan, serta teknologi informasi dan pemberdayaan masyarakat. Usaha pemberantasan penyakit endemik harus meliputi penanggulangan faktor penyebab penyakit yang paling dasar. Oleh karena itu, butuh waktu yang cukup lama dan cakupan yang luas untuk melakukannya. Pemerintah perlu melakukan berbagai langkah pencegahan meluasnya penyakit endemik di Indonesia dengan melakukan penyuluhan dan bahkan pemberian obat pencegah untuk penyakit tertentu. Pada kasus penyakit filarisis misalnya, pemerintah melakukan program eliminasi filariasis dengan memberikan obat pencegahan secara massal di berbagai daerah endemis filariasis. Upaya mengatasi penyakit endemik di Indonesia tidak bisa hanya terfokus pada pengobatan saja. Kini, pemberantasan penyakit ini lebih ditekankan pada upaya meningkatkan promosi gaya hidup sehat dan pemberian edukasi terkait pencegahan penyakit menular. Hal ini banyak dilakukan melalui berbagai program penyuluhan puskesmas dan pos pelayanan terpadu, sehingga masyarakat bisa lebih waspada terhadap berbagai penyebab penyakit endemik. Dukungan seluruh anggota masyarakat tentu sangat dibutuhkan untuk mencegah dan menanggulangi penyakit endemik yang terjadi. Upaya pencegahan melalui perilaku hidup bersih dan sehat masyarakat:",source_section_only_nested_structure,official_recommendation_priority_context,false,false
technological_failure,KEGAGALAN TEKNOLOGI,krb_4_2_13,"Kasus Bahaya Kimia/Industri Dampak kecelakaan kimia atau industri pada tingkat lokal dapat signifikan bagi masyarakat sekitar, dan juga dapat menyebabkan kontaminasi yang memiliki dampak substansial dan jangka panjang terhadap lingkungan dan mata pencaharian. Pertimbangan utama dan kegiatan untuk lebih memahami risiko kecelakaan kimia/industri termasuk, namun tidak terbatas pada, hal-hal berikut:",source_section_only_nested_structure,official_recommendation_priority_context,false,false
covid_19,COVID-19,krb_4_2_14,"Belajar dari kejadian penyebaran Covid-19, yang begitu cepat dengan risiko kematian yang tinggi, menunjukkan betapa masih banyak aspek ketahanan kesehatan yang perlu diperbaiki. Berbagai evaluasi dan pembelajaran yang dilakukan oleh berbagai pihak, tidak hanya dari pemerintah bahkan non pemerintah, memberikan rekomendasi bahwa banyak hal yang perlu ditingkatkan, yaitu:1) kapasitas keamanan kesehatan; 2) kapasitas pelayanan kesehatan; 3) upaya promotif dan preventif; dan 4) manajemen respons dalam penanganan pandemi. Sebagai bagian dari manajemen risiko pandemi dan peningkatan kapasitas IHR, peningkatan kapasitas negara terkait keamanan kesehatan guna mengurangi ancaman krisis kesehatan karena pandemi perlu menjadi perhatian. Fokus kegiatan utama adalah perbaikan kesiapsiagaan (preparedness), khususnya sistem surveilans terintegrasi, manajemen data dengan SDM yang kompeten, termasuk pengembangan SDM untuk laboratorium rujukan yang didukung dengan penguatan pemerintah daerah dalam pengambilan kebijakan. Oleh karena itu diperlukan sebuah rencana kontingensi yang komprehensif dan terintegrasi sebagai panduan kesiapsiagaan dan respons nasional menghadapi pandemi ke depan. Pencegahan Wabah Covid-19. 1) Pelatihan komunikasi publik tentang risiko pandemi termasuk regulasi dan pembentukan pusat informasi yang didukung pemerintah dan swasta, serta melibatkan peran masyarakat dengan mempertimbangkan kearifan lokal, dari tingkat nasional hingga tingkat RT/RW atau desa. 2) Penguatan kapasitas dalam komunikasi risiko bagi para pejabat pemerintah dan tenaga kesehatan dalam penyampaian informasi secara tegas, akurat, dan konsisten. 3) Penguatan peran media massa (digital dan konvensional) dalam penyebaran informasi akurat di masyarakat, dan peningkatan kemampuan membuat counter informasi terhadap infodemik (hoax). Studi Pembelajaran Penanganan Covid-19 Indonesia. 4) Menjamin akses publik secara maksimal atas informasi komprehensif dan terpercaya bersumber dari pemerintah dengan pemanfaatan teknologi pemberitaan (digital dan konvensional). 5) Penguatan koordinasi krisis yang melibatkan berbagai modal sosial mulai dari level mikro seperti di tingkat RT/RW, hingga masyarakat luas dengan penguatan fokus ke penanganan pandemi secara simultan (tanpa egosentris) kementerian/lembaga/badan pemerintahan terkait. Serta 6) Peningkatan kapasitas vaksinasi Covid-19 dengan penerbitan kebijakan imunisasi yang memastikan semua kelompok umur memiliki akses penuh ke berbagai jenis vaksin agar mempercepat tercapainya herd immunity dan dipadukan dengan intervensi kesehatan lainnya, serta penyediaan kebutuhan sarana dan prasarana vaksinasi yang memadai. Monitoring Wabah (Deteksi). 1) Penguatan sistem surveilans yang terintegrasi, melaporkan hasil tes lab yang interoperable dan real-time, terkoordinasi antardaerah dan antar pusat daerah, secara lintas sektor serta bersifat mandatory. 2) Peningkatan kapasitas laboratorium, baik kuantitas (SDM) maupun kualitas, kecukupan logistik, dan sarana prasarana yang memadai, serta pengembangan mekanisme pengawasannya. 3) Penguatan sistem pencatatan testing, tracing, treatment (3T) untuk memutus rantai penyebaran Covid-19 dengan cepat dan manajemen data dalam sistem informasi yang dapat diakses oleh masyarakat secara luas. Penanganan Kedaruratan Wabah atau Pandemi. 1) Koordinasi lintas sektor dan komunikasi risiko diperkuat dan dilakukan oleh berbagai pihak karena merupakan modal utama manajemen respons yang efektif. 2) Pelatihan SDM dan penyediaan alokasi anggaran yang mencukupi tanpa mendiskriminasi fasilitas kesehatan swasta di tingkat primer (termasuk pelatihan pencatatan dan pelaporan kasus). 3) Pengembangan early warning system sebagai alat bantu pengambilan keputusan pengadaan dan pendistribusian kefarmasian termasuk vaksin dan alat kesehatan secara cepat, namun tetap akuntabel, dan diperuntukkan bagi fasilitas kesehatan pemerintah dan swasta. 4) Membangun jejaring penghubung produsen, donatur, dan pengguna (masyarakat), serta mendorong filantropi lokal untuk membantu penyediaan suplai medis dan alat kesehatan.5) Memastikan kapasitas fasilitas kesehatan termasuk dalam pengelolaan limbah medis, penyediaan alokasi dana dan pelatihan bagi pengelola limbah medis. Serta 6) Memastikan keberlangsungan pelayanan kesehatan esensial dengan penerapan protokol kesehatan, merencanakan monitoring 3T dan sistem rujukan yang efektif, oleh fasilitas kesehatan publik dan swasta. Dalam perencanaan kedaruratan skenario kedaruratan menggunakan parameter epidemiologi Covid-19 sebagai berikut:",source_section_only_nested_structure,official_recommendation_priority_context,false,false
